Time,Position,Symbol,Type,Volume,Price,S / L,T / P,Exit Time,Exit Price,Swap,Profit
2024-03-14 14:05:30,537829559.0,XAUUSD,buy,0.01,2 167.450,,,2024.03.14 14:05:39,2 167.350,0.00,- 0.10
2024-03-14 14:31:07,537871911.0,XAUUSD,sell,2.0,2 164.730,,2 162.730,2024.03.14 14:32:06,2 162.700,0.00, 406.00
2024-03-14 14:33:46,537880411.0,XAUUSD,sell,1.0,2 164.820,,2 162.820,2024.03.14 14:34:37,2 164.180,0.00, 64.00
2024-03-14 14:37:50,537888494.0,XAUUSD,sell,1.0,2 166.890,,,2024.03.14 14:38:08,2 165.970,0.00, 92.00
2024-03-14 14:40:11,537895184.0,XAUUSD,sell,2.0,2 168.190,,,2024.03.14 14:40:52,2 168.000,0.00, 38.00
2024-03-14 14:58:47,537928602.0,XAUUSD,buy,1.0,2 161.810,,2 163.810,2024.03.14 14:59:52,2 162.410,0.00, 60.00
2024-03-14 15:49:02,538007127.0,XAUUSD,buy,1.0,2 160.010,,2 161.010,2024.03.14 15:49:38,2 160.590,0.00, 58.00
2024-03-15 14:04:37,538732013.0,XAUUSD,buy,1.0,2 163.550,,2 164.410,2024.03.15 14:05:55,2 163.690,0.00, 14.00
2024-03-15 14:05:12,538733953.0,XAUUSD,buy,1.0,2 163.270,,2 164.410,2024.03.15 14:05:53,2 163.760,0.00, 49.00
2024-03-15 14:38:07,538762786.0,XAUUSD,buy,0.1,2 161.760,,2 160.440,2024.03.15 14:49:14,2 158.400,0.00,- 33.60
2024-03-15 14:38:51,538763825.0,XAUUSD,buy,0.1,2 160.980,,2 160.440,2024.03.15 14:49:14,2 158.400,0.00,- 25.80
2024-03-15 14:40:02,538768082.0,XAUUSD,buy,0.2,2 159.660,,2 160.440,2024.03.15 14:49:14,2 158.400,0.00,- 25.20
2024-03-15 14:43:14,538773666.0,XAUUSD,buy,1.0,2 159.010,,2 160.440,2024.03.15 14:49:14,2 158.400,0.00,- 61.00
2024-03-15 14:45:57,538779197.0,XAUUSD,buy,1.0,2 158.630,,,2024.03.15 14:49:14,2 158.400,0.00,- 23.00
2024-03-15 14:48:48,538782035.0,XAUUSD,buy,5.0,2 157.990,,,2024.03.15 14:49:14,2 158.400,0.00, 205.00
2024-03-15 16:00:31,538838510.0,XAUUSD,buy,0.1,2 161.190,,2 163.190,2024.03.15 16:01:23,2 162.390,0.00, 12.00
2024-03-18 12:38:45,539381085.0,XAUUSD,buy,0.01,2 157.500,,,2024.03.18 12:38:57,2 157.530,0.00, 0.03
2024-03-18 12:38:46,539381114.0,XAUUSD,buy,0.01,2 157.620,,,2024.03.18 12:38:56,2 157.520,0.00,- 0.10
2024-03-18 12:38:47,539381137.0,XAUUSD,buy,0.01,2 157.560,,,2024.03.18 12:38:56,2 157.540,0.00,- 0.02
2024-03-18 12:38:48,539381144.0,XAUUSD,buy,0.01,2 157.580,,,2024.03.18 12:38:55,2 157.560,0.00,- 0.02
2024-03-18 12:38:49,539381150.0,XAUUSD,buy,0.01,2 157.630,,,2024.03.18 12:38:54,2 157.330,0.00,- 0.30
2024-03-18 12:38:50,539381156.0,XAUUSD,buy,0.01,2 157.650,,,2024.03.18 12:38:53,2 157.330,0.00,- 0.32
2024-03-18 12:39:21,539381554.0,XAUUSD,buy,0.01,2 156.980,,,2024.03.18 12:40:05,2 156.690,0.00,- 0.29
2024-03-18 12:39:21,539381571.0,XAUUSD,buy,0.01,2 157.010,,,2024.03.18 12:40:05,2 156.690,0.00,- 0.32
2024-03-18 12:39:21,539381573.0,XAUUSD,buy,0.01,2 157.030,,,2024.03.18 12:40:05,2 156.690,0.00,- 0.34
2024-03-18 12:39:21,539381578.0,XAUUSD,buy,0.01,2 157.020,,,2024.03.18 12:40:05,2 156.690,0.00,- 0.33
2024-03-18 12:39:21,539381581.0,XAUUSD,buy,0.01,2 157.080,,,2024.03.18 12:40:05,2 156.690,0.00,- 0.39
2024-03-18 12:39:22,539381583.0,XAUUSD,buy,0.01,2 157.120,,,2024.03.18 12:40:05,2 156.690,0.00,- 0.43
2024-03-18 12:39:22,539381587.0,XAUUSD,buy,0.01,2 157.100,,,2024.03.18 12:40:05,2 156.690,0.00,- 0.41
2024-03-18 12:40:11,539382320.0,XAUUSD,buy,0.01,2 156.900,,,2024.03.18 12:41:40,2 157.210,0.00, 0.31
2024-03-18 12:40:12,539382322.0,XAUUSD,buy,0.01,2 156.900,,,2024.03.18 12:41:39,2 157.170,0.00, 0.27
2024-03-18 12:40:12,539382324.0,XAUUSD,buy,0.01,2 156.900,,,2024.03.18 12:41:38,2 157.170,0.00, 0.27
2024-03-18 12:40:12,539382326.0,XAUUSD,buy,0.01,2 156.900,,,2024.03.18 12:41:37,2 157.170,0.00, 0.27
2024-03-18 12:40:12,539382328.0,XAUUSD,buy,0.01,2 156.900,,,2024.03.18 12:41:36,2 157.180,0.00, 0.28
2024-03-18 12:40:12,539382329.0,XAUUSD,buy,0.01,2 156.800,,,2024.03.18 12:41:36,2 157.170,0.00, 0.37
2024-03-18 12:40:12,539382333.0,XAUUSD,buy,0.01,2 156.800,,,2024.03.18 12:41:35,2 157.170,0.00, 0.37
2024-03-18 12:43:11,539383705.0,XAUUSD,buy,0.01,2 157.390,,,2024.03.18 12:44:49,2 157.300,0.00,- 0.09
2024-03-18 12:43:30,539383766.0,XAUUSD,buy,0.01,2 157.370,,,2024.03.18 12:44:49,2 157.300,0.00,- 0.07
2024-03-18 12:43:31,539383770.0,XAUUSD,sell,0.1,2 157.210,,,2024.03.18 12:44:49,2 157.480,0.00,- 2.70
2024-03-18 12:44:53,539384143.0,XAUUSD,buy,0.01,2 157.480,,,2024.03.18 12:45:01,2 157.400,0.00,- 0.08
2024-03-18 12:44:56,539384152.0,XAUUSD,buy,0.01,2 157.480,,,2024.03.18 12:45:01,2 157.400,0.00,- 0.08
2024-03-18 12:47:02,539386096.0,XAUUSD,buy,0.01,2 157.260,,,2024.03.18 12:47:45,2 156.830,0.00,- 0.43
2024-03-18 12:47:02,539386098.0,XAUUSD,buy,0.01,2 157.260,,,2024.03.18 12:47:45,2 156.830,0.00,- 0.43
2024-03-18 12:47:03,539386099.0,XAUUSD,buy,0.01,2 157.260,,,2024.03.18 12:47:45,2 156.830,0.00,- 0.43
2024-03-18 12:47:03,539386100.0,XAUUSD,buy,0.01,2 157.260,,,2024.03.18 12:47:45,2 156.830,0.00,- 0.43
2024-03-18 12:47:03,539386101.0,XAUUSD,buy,0.01,2 157.260,,,2024.03.18 12:47:45,2 156.830,0.00,- 0.43
2024-03-18 12:47:03,539386103.0,XAUUSD,buy,0.01,2 157.260,,,2024.03.18 12:47:45,2 156.830,0.00,- 0.43
2024-03-18 12:47:03,539386104.0,XAUUSD,buy,0.01,2 157.250,,,2024.03.18 12:47:45,2 156.830,0.00,- 0.42
2024-03-18 12:47:03,539386106.0,XAUUSD,buy,0.01,2 157.250,,,2024.03.18 12:47:45,2 156.830,0.00,- 0.42
2024-03-18 12:47:11,539386142.0,XAUUSD,buy,0.01,2 157.240,,,2024.03.18 12:47:45,2 156.830,0.00,- 0.41
2024-03-18 12:47:12,539386146.0,XAUUSD,buy,0.01,2 157.240,,,2024.03.18 12:47:45,2 156.830,0.00,- 0.41
2024-03-18 12:47:13,539386148.0,XAUUSD,buy,0.01,2 157.230,,,2024.03.18 12:47:45,2 156.830,0.00,- 0.40
2024-03-18 12:47:14,539386152.0,XAUUSD,buy,0.01,2 157.230,,,2024.03.18 12:47:45,2 156.830,0.00,- 0.40
2024-03-18 12:47:15,539386155.0,XAUUSD,buy,0.01,2 157.190,,,2024.03.18 12:47:45,2 156.830,0.00,- 0.36
2024-03-18 12:47:16,539386157.0,XAUUSD,buy,0.01,2 157.200,,,2024.03.18 12:47:45,2 156.830,0.00,- 0.37
2024-03-18 12:47:17,539386162.0,XAUUSD,buy,0.01,2 157.200,,,2024.03.18 12:47:45,2 156.830,0.00,- 0.37
2024-03-18 12:47:18,539386166.0,XAUUSD,buy,0.01,2 157.200,,,2024.03.18 12:47:45,2 156.830,0.00,- 0.37
2024-03-18 12:47:19,539386168.0,XAUUSD,buy,0.01,2 157.190,,,2024.03.18 12:47:45,2 156.830,0.00,- 0.36
2024-03-18 12:47:20,539386173.0,XAUUSD,buy,0.01,2 157.190,,,2024.03.18 12:47:45,2 156.830,0.00,- 0.36
2024-03-18 12:47:21,539386181.0,XAUUSD,buy,0.01,2 157.210,,,2024.03.18 12:47:45,2 156.830,0.00,- 0.38
2024-03-18 12:47:22,539386182.0,XAUUSD,buy,0.01,2 157.200,,,2024.03.18 12:47:45,2 156.830,0.00,- 0.37
2024-03-18 12:47:23,539386186.0,XAUUSD,buy,0.01,2 157.200,,,2024.03.18 12:47:45,2 156.830,0.00,- 0.37
2024-03-18 12:47:24,539386189.0,XAUUSD,buy,0.01,2 157.210,,,2024.03.18 12:47:45,2 156.830,0.00,- 0.38
2024-03-18 13:00:10,539395246.0,XAUUSD,buy,0.01,2 158.670,,,2024.03.18 13:00:44,2 158.920,0.00, 0.25
2024-03-18 13:00:11,539395336.0,XAUUSD,buy,0.01,2 158.730,,,2024.03.18 13:00:44,2 158.920,0.00, 0.19
2024-03-18 13:00:12,539395354.0,XAUUSD,buy,0.01,2 158.820,,,2024.03.18 13:00:44,2 158.920,0.00, 0.10
2024-03-18 13:00:12,539395460.0,XAUUSD,buy,0.01,2 158.740,,,2024.03.18 13:00:44,2 158.920,0.00, 0.18
2024-03-18 13:00:13,539395484.0,XAUUSD,buy,0.01,2 158.730,,,2024.03.18 13:00:44,2 158.920,0.00, 0.19
2024-03-18 13:00:14,539395514.0,XAUUSD,buy,0.01,2 158.740,,,2024.03.18 13:00:44,2 158.920,0.00, 0.18
2024-03-18 13:00:53,539396491.0,XAUUSD,buy,0.01,2 159.010,,,2024.03.18 13:03:41,2 158.920,0.00,- 0.09
2024-03-18 13:00:53,539396496.0,XAUUSD,buy,0.01,2 159.010,,,2024.03.18 13:03:41,2 158.920,0.00,- 0.09
2024-03-18 13:00:53,539396498.0,XAUUSD,buy,0.01,2 159.010,,,2024.03.18 13:03:41,2 158.920,0.00,- 0.09
2024-03-18 13:00:53,539396499.0,XAUUSD,buy,0.01,2 159.040,,,2024.03.18 13:03:41,2 158.920,0.00,- 0.12
2024-03-18 13:00:54,539396501.0,XAUUSD,buy,0.01,2 159.080,,,2024.03.18 13:03:41,2 158.920,0.00,- 0.16
2024-03-18 13:00:54,539396506.0,XAUUSD,buy,0.01,2 159.100,,,2024.03.18 13:03:41,2 158.920,0.00,- 0.18
2024-03-18 13:04:08,539398961.0,XAUUSD,buy,0.01,2 159.350,,,2024.03.18 13:04:34,2 158.970,0.00,- 0.38
2024-03-18 13:04:09,539398963.0,XAUUSD,buy,0.01,2 159.340,,,2024.03.18 13:04:34,2 158.970,0.00,- 0.37
2024-03-18 13:04:09,539398966.0,XAUUSD,buy,0.01,2 159.340,,,2024.03.18 13:04:34,2 158.970,0.00,- 0.37
2024-03-18 13:04:09,539398970.0,XAUUSD,buy,0.01,2 159.330,,,2024.03.18 13:04:34,2 158.970,0.00,- 0.36
2024-03-18 13:04:09,539398973.0,XAUUSD,buy,0.01,2 159.320,,,2024.03.18 13:04:34,2 158.970,0.00,- 0.35
2024-03-18 13:04:39,539399382.0,XAUUSD,buy,0.01,2 159.010,,,2024.03.18 13:05:03,2 158.960,0.00,- 0.05
2024-03-18 13:04:39,539399390.0,XAUUSD,buy,0.01,2 159.000,,,2024.03.18 13:05:03,2 158.960,0.00,- 0.04
2024-03-18 13:04:40,539399391.0,XAUUSD,buy,0.01,2 159.090,,,2024.03.18 13:05:03,2 158.960,0.00,- 0.13
2024-03-18 13:04:41,539399394.0,XAUUSD,buy,0.01,2 159.140,,,2024.03.18 13:05:03,2 158.960,0.00,- 0.18
2024-03-18 13:04:42,539399396.0,XAUUSD,buy,0.01,2 159.130,,,2024.03.18 13:05:03,2 158.960,0.00,- 0.17
2024-03-18 13:05:15,539399624.0,XAUUSD,buy,0.01,2 159.120,,,2024.03.18 13:05:36,2 159.140,0.00, 0.02
2024-03-18 13:05:19,539399649.0,XAUUSD,buy,0.01,2 159.120,,,2024.03.18 13:05:36,2 159.140,0.00, 0.02
2024-03-18 13:05:21,539399654.0,XAUUSD,buy,0.01,2 159.120,,,2024.03.18 13:05:36,2 159.140,0.00, 0.02
2024-03-18 13:05:21,539399655.0,XAUUSD,buy,0.01,2 159.120,,,2024.03.18 13:05:36,2 159.140,0.00, 0.02
2024-03-18 13:05:21,539399656.0,XAUUSD,buy,0.01,2 159.120,,,2024.03.18 13:05:36,2 159.140,0.00, 0.02
2024-03-18 13:05:21,539399657.0,XAUUSD,buy,0.01,2 159.120,,,2024.03.18 13:05:36,2 159.140,0.00, 0.02
2024-03-18 13:06:02,539401201.0,XAUUSD,buy,0.01,2 159.730,,,2024.03.18 13:06:31,2 159.760,0.00, 0.03
2024-03-18 13:06:02,539401204.0,XAUUSD,buy,0.01,2 159.730,,,2024.03.18 13:06:31,2 159.760,0.00, 0.03
2024-03-18 13:06:02,539401208.0,XAUUSD,buy,0.01,2 159.730,,,2024.03.18 13:06:31,2 159.760,0.00, 0.03
2024-03-18 13:06:02,539401210.0,XAUUSD,buy,0.01,2 159.740,,,2024.03.18 13:06:31,2 159.760,0.00, 0.02
2024-03-18 13:06:03,539401214.0,XAUUSD,buy,0.01,2 159.730,,,2024.03.18 13:06:31,2 159.760,0.00, 0.03
2024-03-18 13:46:39,539425494.0,XAUUSD,buy,0.01,2 160.770,,,2024.03.18 13:46:52,2 160.510,0.00,- 0.26
2024-03-18 13:46:39,539425496.0,XAUUSD,buy,0.01,2 160.770,,,2024.03.18 13:46:52,2 160.510,0.00,- 0.26
2024-03-18 13:46:39,539425498.0,XAUUSD,buy,0.01,2 160.770,,,2024.03.18 13:46:52,2 160.510,0.00,- 0.26
2024-03-18 13:46:39,539425500.0,XAUUSD,buy,0.01,2 160.790,,,2024.03.18 13:46:52,2 160.510,0.00,- 0.28
2024-03-18 13:46:39,539425501.0,XAUUSD,buy,0.01,2 160.790,,,2024.03.18 13:46:52,2 160.510,0.00,- 0.28
2024-03-18 13:46:39,539425502.0,XAUUSD,buy,0.01,2 160.790,,,2024.03.18 13:46:52,2 160.510,0.00,- 0.28
2024-03-18 13:46:39,539425504.0,XAUUSD,buy,0.01,2 160.790,,,2024.03.18 13:46:52,2 160.510,0.00,- 0.28
2024-03-18 13:46:39,539425505.0,XAUUSD,buy,0.01,2 160.790,,,2024.03.18 13:46:52,2 160.510,0.00,- 0.28
2024-03-18 13:46:40,539425506.0,XAUUSD,buy,0.01,2 160.790,,,2024.03.18 13:46:52,2 160.510,0.00,- 0.28
2024-03-18 13:46:40,539425508.0,XAUUSD,buy,0.01,2 160.790,,,2024.03.18 13:46:52,2 160.510,0.00,- 0.28
2024-03-18 13:46:40,539425509.0,XAUUSD,buy,0.01,2 160.790,,,2024.03.18 13:46:52,2 160.510,0.00,- 0.28
2024-03-18 13:46:40,539425513.0,XAUUSD,buy,0.01,2 160.820,,,2024.03.18 13:46:52,2 160.510,0.00,- 0.31
2024-03-18 13:46:40,539425514.0,XAUUSD,buy,0.01,2 160.820,,,2024.03.18 13:46:52,2 160.510,0.00,- 0.31
2024-03-18 13:46:40,539425515.0,XAUUSD,buy,0.01,2 160.820,,,2024.03.18 13:46:52,2 160.510,0.00,- 0.31
2024-03-18 13:46:40,539425517.0,XAUUSD,buy,0.01,2 160.820,,,2024.03.18 13:46:52,2 160.510,0.00,- 0.31
2024-03-18 13:46:41,539425519.0,XAUUSD,buy,0.01,2 160.820,,,2024.03.18 13:46:52,2 160.520,0.00,- 0.30
2024-03-18 13:46:41,539425520.0,XAUUSD,buy,0.01,2 160.820,,,2024.03.18 13:46:52,2 160.520,0.00,- 0.30
2024-03-18 13:46:41,539425521.0,XAUUSD,buy,0.01,2 160.820,,,2024.03.18 13:46:52,2 160.520,0.00,- 0.30
2024-03-18 13:46:41,539425522.0,XAUUSD,buy,0.01,2 160.820,,,2024.03.18 13:46:52,2 160.520,0.00,- 0.30
2024-03-18 13:46:41,539425523.0,XAUUSD,buy,0.01,2 160.820,,,2024.03.18 13:46:52,2 160.520,0.00,- 0.30
2024-03-18 13:46:41,539425524.0,XAUUSD,buy,0.01,2 160.820,,,2024.03.18 13:46:52,2 160.520,0.00,- 0.30
2024-03-18 13:46:41,539425526.0,XAUUSD,buy,0.01,2 160.820,,,2024.03.18 13:46:52,2 160.520,0.00,- 0.30
2024-03-18 13:46:41,539425527.0,XAUUSD,buy,0.01,2 160.830,,,2024.03.18 13:46:52,2 160.520,0.00,- 0.31
2024-03-18 13:46:42,539425529.0,XAUUSD,buy,0.01,2 160.820,,,2024.03.18 13:46:52,2 160.520,0.00,- 0.30
2024-03-18 13:46:42,539425530.0,XAUUSD,buy,0.01,2 160.820,,,2024.03.18 13:46:52,2 160.520,0.00,- 0.30
2024-03-18 13:46:42,539425531.0,XAUUSD,buy,0.01,2 160.810,,,2024.03.18 13:46:52,2 160.520,0.00,- 0.29
2024-03-18 13:46:42,539425540.0,XAUUSD,buy,0.01,2 160.810,,,2024.03.18 13:46:52,2 160.520,0.00,- 0.29
2024-03-18 13:46:42,539425541.0,XAUUSD,buy,0.01,2 160.810,,,2024.03.18 13:46:52,2 160.520,0.00,- 0.29
2024-03-18 13:46:42,539425542.0,XAUUSD,buy,0.01,2 160.810,,,2024.03.18 13:46:52,2 160.520,0.00,- 0.29
2024-03-18 13:46:42,539425545.0,XAUUSD,buy,0.01,2 160.810,,,2024.03.18 13:46:52,2 160.520,0.00,- 0.29
2024-03-18 13:46:43,539425546.0,XAUUSD,buy,0.01,2 160.810,,,2024.03.18 13:46:52,2 160.520,0.00,- 0.29
2024-03-18 13:46:43,539425547.0,XAUUSD,buy,0.01,2 160.810,,,2024.03.18 13:46:52,2 160.520,0.00,- 0.29
2024-03-18 13:46:43,539425549.0,XAUUSD,buy,0.01,2 160.810,,,2024.03.18 13:46:52,2 160.520,0.00,- 0.29
2024-03-18 13:46:43,539425550.0,XAUUSD,buy,0.01,2 160.810,,,2024.03.18 13:46:52,2 160.520,0.00,- 0.29
2024-03-18 13:46:43,539425552.0,XAUUSD,buy,0.01,2 160.810,,,2024.03.18 13:46:52,2 160.520,0.00,- 0.29
2024-03-18 13:46:43,539425553.0,XAUUSD,buy,0.01,2 160.810,,,2024.03.18 13:46:52,2 160.520,0.00,- 0.29
2024-03-18 13:46:44,539425554.0,XAUUSD,buy,0.01,2 160.810,,,2024.03.18 13:46:52,2 160.520,0.00,- 0.29
2024-03-18 13:46:44,539425555.0,XAUUSD,buy,0.01,2 160.810,,,2024.03.18 13:46:52,2 160.520,0.00,- 0.29
2024-03-18 13:46:44,539425557.0,XAUUSD,buy,0.01,2 160.810,,,2024.03.18 13:46:52,2 160.520,0.00,- 0.29
2024-03-18 13:46:44,539425558.0,XAUUSD,buy,0.01,2 160.810,,,2024.03.18 13:46:52,2 160.520,0.00,- 0.29
2024-03-18 13:46:44,539425561.0,XAUUSD,buy,0.01,2 160.810,,,2024.03.18 13:46:52,2 160.520,0.00,- 0.29
2024-03-18 13:46:44,539425562.0,XAUUSD,buy,0.01,2 160.810,,,2024.03.18 13:46:52,2 160.520,0.00,- 0.29
2024-03-18 13:46:44,539425564.0,XAUUSD,buy,0.01,2 160.810,,,2024.03.18 13:46:52,2 160.520,0.00,- 0.29
2024-03-18 13:46:45,539425566.0,XAUUSD,buy,0.01,2 160.800,,,2024.03.18 13:46:52,2 160.520,0.00,- 0.28
2024-03-18 13:46:45,539425567.0,XAUUSD,buy,0.01,2 160.810,,,2024.03.18 13:46:52,2 160.520,0.00,- 0.29
2024-03-18 13:46:45,539425568.0,XAUUSD,buy,0.01,2 160.790,,,2024.03.18 13:46:52,2 160.520,0.00,- 0.27
2024-03-18 13:46:45,539425569.0,XAUUSD,buy,0.01,2 160.810,,,2024.03.18 13:46:52,2 160.520,0.00,- 0.29
2024-03-18 13:46:59,539425679.0,XAUUSD,buy,0.01,2 160.740,,,2024.03.18 13:48:42,2 161.050,0.00, 0.31
2024-03-18 13:47:00,539425681.0,XAUUSD,buy,0.01,2 160.710,,,2024.03.18 13:48:42,2 161.050,0.00, 0.34
2024-03-18 13:47:01,539425693.0,XAUUSD,buy,0.01,2 160.710,,,2024.03.18 13:48:42,2 161.050,0.00, 0.34
2024-03-18 13:47:02,539425697.0,XAUUSD,buy,0.01,2 160.620,,,2024.03.18 13:48:42,2 161.050,0.00, 0.43
2024-03-18 13:47:03,539425711.0,XAUUSD,buy,0.01,2 160.630,,,2024.03.18 13:48:42,2 161.050,0.00, 0.42
2024-03-18 13:47:03,539425712.0,XAUUSD,buy,0.01,2 160.600,,,2024.03.18 13:48:42,2 161.050,0.00, 0.45
2024-03-18 13:47:04,539425718.0,XAUUSD,buy,0.01,2 160.620,,,2024.03.18 13:48:42,2 161.050,0.00, 0.43
2024-03-18 13:47:05,539425722.0,XAUUSD,buy,0.01,2 160.610,,,2024.03.18 13:48:42,2 161.050,0.00, 0.44
2024-03-18 13:47:06,539425727.0,XAUUSD,buy,0.01,2 160.610,,,2024.03.18 13:48:42,2 161.050,0.00, 0.44
2024-03-18 13:47:07,539425729.0,XAUUSD,buy,0.01,2 160.610,,,2024.03.18 13:48:42,2 161.050,0.00, 0.44
2024-03-18 13:47:08,539425733.0,XAUUSD,buy,0.01,2 160.620,,,2024.03.18 13:48:42,2 161.050,0.00, 0.43
2024-03-18 13:47:09,539425735.0,XAUUSD,buy,0.01,2 160.620,,,2024.03.18 13:48:42,2 161.050,0.00, 0.43
2024-03-18 13:47:09,539425737.0,XAUUSD,buy,0.01,2 160.420,,,2024.03.18 13:48:42,2 161.050,0.00, 0.63
2024-03-18 13:47:10,539425746.0,XAUUSD,buy,0.01,2 160.420,,,2024.03.18 13:48:42,2 161.050,0.00, 0.63
2024-03-18 13:47:11,539425750.0,XAUUSD,buy,0.01,2 160.410,,,2024.03.18 13:48:42,2 161.050,0.00, 0.64
2024-03-18 13:47:12,539425757.0,XAUUSD,buy,0.01,2 160.430,,,2024.03.18 13:48:42,2 161.050,0.00, 0.62
2024-03-18 13:47:13,539425760.0,XAUUSD,buy,0.01,2 160.480,,,2024.03.18 13:48:42,2 161.050,0.00, 0.57
2024-03-18 13:47:14,539425762.0,XAUUSD,buy,0.01,2 160.480,,,2024.03.18 13:48:42,2 161.050,0.00, 0.57
2024-03-18 13:47:15,539425768.0,XAUUSD,buy,0.01,2 160.460,,,2024.03.18 13:48:42,2 161.050,0.00, 0.59
2024-03-18 13:47:15,539425771.0,XAUUSD,buy,0.01,2 160.460,,,2024.03.18 13:48:42,2 161.050,0.00, 0.59
2024-03-18 13:47:16,539425772.0,XAUUSD,buy,0.01,2 160.430,,,2024.03.18 13:48:42,2 161.050,0.00, 0.62
2024-03-18 13:47:17,539425775.0,XAUUSD,buy,0.01,2 160.440,,,2024.03.18 13:48:42,2 161.050,0.00, 0.61
2024-03-18 13:47:18,539425776.0,XAUUSD,buy,0.01,2 160.440,,,2024.03.18 13:48:42,2 161.050,0.00, 0.61
2024-03-18 13:47:19,539425780.0,XAUUSD,buy,0.01,2 160.450,,,2024.03.18 13:48:42,2 161.050,0.00, 0.60
2024-03-18 13:47:20,539425784.0,XAUUSD,buy,0.01,2 160.450,,,2024.03.18 13:48:42,2 161.050,0.00, 0.60
2024-03-18 13:47:21,539425787.0,XAUUSD,buy,0.01,2 160.440,,,2024.03.18 13:48:42,2 161.050,0.00, 0.61
2024-03-18 13:47:21,539425790.0,XAUUSD,buy,0.01,2 160.440,,,2024.03.18 13:48:42,2 161.050,0.00, 0.61
2024-03-18 13:47:22,539425792.0,XAUUSD,buy,0.01,2 160.480,,,2024.03.18 13:48:42,2 161.050,0.00, 0.57
2024-03-18 13:47:23,539425799.0,XAUUSD,buy,0.01,2 160.460,,,2024.03.18 13:48:42,2 161.050,0.00, 0.59
2024-03-18 13:47:24,539425802.0,XAUUSD,buy,0.01,2 160.480,,,2024.03.18 13:48:42,2 161.050,0.00, 0.57
2024-03-18 13:47:25,539425808.0,XAUUSD,buy,0.01,2 160.480,,,2024.03.18 13:48:42,2 161.050,0.00, 0.57
2024-03-18 13:47:26,539425817.0,XAUUSD,buy,0.01,2 160.480,,,2024.03.18 13:48:42,2 161.050,0.00, 0.57
2024-03-18 13:47:27,539425821.0,XAUUSD,buy,0.01,2 160.480,,,2024.03.18 13:48:42,2 161.050,0.00, 0.57
2024-03-18 13:47:27,539425827.0,XAUUSD,buy,0.01,2 160.470,,,2024.03.18 13:48:42,2 161.050,0.00, 0.58
2024-03-18 13:47:28,539425829.0,XAUUSD,buy,0.01,2 160.520,,,2024.03.18 13:48:42,2 161.050,0.00, 0.53
2024-03-18 13:47:29,539425833.0,XAUUSD,buy,0.01,2 160.510,,,2024.03.18 13:48:42,2 161.050,0.00, 0.54
2024-03-18 13:47:30,539425835.0,XAUUSD,buy,0.01,2 160.480,,,2024.03.18 13:48:42,2 161.050,0.00, 0.57
2024-03-18 13:47:31,539425839.0,XAUUSD,buy,0.01,2 160.430,,,2024.03.18 13:48:42,2 161.050,0.00, 0.62
2024-03-18 13:47:32,539425851.0,XAUUSD,buy,0.01,2 160.480,,,2024.03.18 13:48:42,2 161.050,0.00, 0.57
2024-03-18 13:47:33,539425853.0,XAUUSD,buy,0.01,2 160.480,,,2024.03.18 13:48:42,2 161.050,0.00, 0.57
2024-03-18 13:47:34,539425858.0,XAUUSD,buy,0.01,2 160.470,,,2024.03.18 13:48:42,2 161.050,0.00, 0.58
2024-03-18 13:47:34,539425865.0,XAUUSD,buy,0.01,2 160.480,,,2024.03.18 13:48:42,2 161.050,0.00, 0.57
2024-03-18 13:47:35,539425867.0,XAUUSD,buy,0.01,2 160.480,,,2024.03.18 13:48:42,2 161.050,0.00, 0.57
2024-03-18 13:47:36,539425870.0,XAUUSD,buy,0.01,2 160.510,,,2024.03.18 13:48:42,2 161.050,0.00, 0.54
2024-03-18 13:47:37,539425874.0,XAUUSD,buy,0.01,2 160.510,,,2024.03.18 13:48:42,2 161.050,0.00, 0.54
2024-03-18 13:47:38,539425875.0,XAUUSD,buy,0.01,2 160.520,,,2024.03.18 13:48:42,2 161.050,0.00, 0.53
2024-03-18 13:47:39,539425878.0,XAUUSD,buy,0.01,2 160.520,,,2024.03.18 13:48:42,2 161.050,0.00, 0.53
2024-03-18 13:47:39,539425880.0,XAUUSD,buy,0.01,2 160.520,,,2024.03.18 13:48:42,2 161.050,0.00, 0.53
2024-03-18 13:47:40,539425883.0,XAUUSD,buy,0.01,2 160.520,,,2024.03.18 13:48:42,2 161.050,0.00, 0.53
2024-03-18 13:47:41,539425886.0,XAUUSD,buy,0.01,2 160.520,,,2024.03.18 13:48:42,2 161.050,0.00, 0.53
2024-03-18 13:47:42,539425888.0,XAUUSD,buy,0.01,2 160.600,,,2024.03.18 13:48:42,2 161.050,0.00, 0.45
2024-03-18 13:47:43,539425890.0,XAUUSD,buy,0.01,2 160.600,,,2024.03.18 13:48:42,2 161.050,0.00, 0.45
2024-03-18 13:47:44,539425892.0,XAUUSD,buy,0.01,2 160.560,,,2024.03.18 13:48:42,2 161.050,0.00, 0.49
2024-03-18 13:47:45,539425893.0,XAUUSD,buy,0.01,2 160.610,,,2024.03.18 13:48:42,2 161.050,0.00, 0.44
2024-03-18 14:38:11,539458301.0,XAUUSD,buy,0.01,2 162.360,,,2024.03.18 14:38:37,2 162.490,0.00, 0.13
2024-03-18 14:38:18,539458447.0,XAUUSD,buy,0.01,2 162.250,,,2024.03.18 14:38:37,2 162.490,0.00, 0.24
2024-03-18 14:38:18,539458449.0,XAUUSD,buy,0.01,2 162.250,,,2024.03.18 14:38:37,2 162.490,0.00, 0.24
2024-03-18 14:38:19,539458466.0,XAUUSD,buy,0.01,2 162.290,,,2024.03.18 14:38:37,2 162.490,0.00, 0.20
2024-03-18 15:42:41,539514795.0,XAUUSD,buy,0.01,2 156.940,,,2024.03.18 15:44:02,2 156.670,0.00,- 0.27
2024-03-18 15:42:41,539514796.0,XAUUSD,buy,0.01,2 156.930,,,2024.03.18 15:44:02,2 156.670,0.00,- 0.26
2024-03-18 15:42:41,539514797.0,XAUUSD,buy,0.01,2 156.930,,,2024.03.18 15:44:02,2 156.670,0.00,- 0.26
2024-03-18 15:42:41,539514801.0,XAUUSD,buy,0.01,2 156.920,,,2024.03.18 15:44:02,2 156.670,0.00,- 0.25
2024-03-18 15:42:41,539514807.0,XAUUSD,buy,0.01,2 156.920,,,2024.03.18 15:44:02,2 156.670,0.00,- 0.25
2024-03-18 15:43:19,539515110.0,XAUUSD,buy,0.01,2 156.760,,,2024.03.18 15:44:02,2 156.670,0.00,- 0.09
2024-03-18 15:43:19,539515111.0,XAUUSD,buy,0.01,2 156.760,,,2024.03.18 15:44:02,2 156.670,0.00,- 0.09
2024-03-18 15:43:26,539515162.0,XAUUSD,buy,0.01,2 156.650,,,2024.03.18 15:44:02,2 156.670,0.00, 0.02
2024-03-18 15:43:26,539515167.0,XAUUSD,buy,0.01,2 156.620,,,2024.03.18 15:44:02,2 156.670,0.00, 0.05
2024-03-18 15:44:05,539515390.0,XAUUSD,buy,0.01,2 156.920,,,2024.03.18 15:44:17,2 156.950,0.00, 0.03
2024-03-18 15:44:06,539515398.0,XAUUSD,buy,0.01,2 156.900,,,2024.03.18 15:44:17,2 156.950,0.00, 0.05
2024-03-18 15:44:07,539515410.0,XAUUSD,buy,0.01,2 157.000,,,2024.03.18 15:44:17,2 156.950,0.00,- 0.05
2024-03-18 15:44:19,539515542.0,XAUUSD,buy,0.01,2 157.110,,,2024.03.18 15:45:16,2 156.480,0.00,- 0.63
2024-03-18 15:44:20,539515548.0,XAUUSD,buy,0.01,2 156.900,,,2024.03.18 15:45:16,2 156.480,0.00,- 0.42
2024-03-18 15:44:21,539515562.0,XAUUSD,buy,0.01,2 156.710,,,2024.03.18 15:45:16,2 156.480,0.00,- 0.23
2024-03-18 15:44:22,539515571.0,XAUUSD,buy,0.01,2 156.560,,,2024.03.18 15:45:16,2 156.480,0.00,- 0.08
2024-03-18 15:44:23,539515582.0,XAUUSD,buy,0.01,2 156.650,,,2024.03.18 15:45:16,2 156.480,0.00,- 0.17
2024-03-18 15:44:24,539515590.0,XAUUSD,buy,0.01,2 156.620,,,2024.03.18 15:45:16,2 156.480,0.00,- 0.14
2024-03-18 15:44:38,539515702.0,XAUUSD,buy,0.01,2 156.670,,,2024.03.18 15:45:16,2 156.480,0.00,- 0.19
2024-03-18 15:44:38,539515704.0,XAUUSD,buy,0.01,2 156.680,,,2024.03.18 15:45:16,2 156.480,0.00,- 0.20
2024-03-18 15:44:38,539515705.0,XAUUSD,buy,0.01,2 156.680,,,2024.03.18 15:45:16,2 156.480,0.00,- 0.20
2024-03-18 15:44:38,539515706.0,XAUUSD,buy,0.01,2 156.700,,,2024.03.18 15:45:16,2 156.480,0.00,- 0.22
2024-03-18 15:44:38,539515707.0,XAUUSD,buy,0.01,2 156.690,,,2024.03.18 15:45:16,2 156.480,0.00,- 0.21
2024-03-18 15:44:38,539515708.0,XAUUSD,buy,0.01,2 156.710,,,2024.03.18 15:45:16,2 156.480,0.00,- 0.23
2024-03-18 15:44:39,539515710.0,XAUUSD,buy,0.01,2 156.760,,,2024.03.18 15:45:16,2 156.480,0.00,- 0.28
2024-03-18 15:44:54,539515794.0,XAUUSD,buy,0.01,2 156.030,,,2024.03.18 15:45:16,2 156.480,0.00, 0.45
2024-03-18 15:44:54,539515796.0,XAUUSD,buy,0.01,2 156.030,,,2024.03.18 15:45:16,2 156.480,0.00, 0.45
2024-03-18 15:44:54,539515798.0,XAUUSD,buy,0.01,2 156.030,,,2024.03.18 15:45:16,2 156.480,0.00, 0.45
2024-03-18 15:44:54,539515800.0,XAUUSD,buy,0.01,2 156.020,,,2024.03.18 15:45:16,2 156.480,0.00, 0.46
2024-03-18 15:44:54,539515810.0,XAUUSD,buy,0.01,2 156.040,,,2024.03.18 15:45:16,2 156.480,0.00, 0.44
2024-03-18 15:44:54,539515816.0,XAUUSD,buy,0.01,2 156.030,,,2024.03.18 15:45:16,2 156.480,0.00, 0.45
2024-03-18 15:44:54,539515817.0,XAUUSD,buy,0.01,2 156.030,,,2024.03.18 15:45:16,2 156.480,0.00, 0.45
2024-03-18 17:50:32,539601073.0,XAUUSD,buy,0.01,2 157.920,,,2024.03.18 17:50:50,2 158.020,0.00, 0.10
2024-03-18 17:50:34,539601085.0,XAUUSD,buy,0.01,2 157.950,,,2024.03.18 17:50:50,2 158.020,0.00, 0.07
2024-03-18 17:50:34,539601086.0,XAUUSD,buy,0.01,2 157.950,,,2024.03.18 17:50:50,2 158.020,0.00, 0.07
2024-03-18 17:50:34,539601087.0,XAUUSD,buy,0.01,2 157.950,,,2024.03.18 17:50:50,2 158.020,0.00, 0.07
2024-03-18 17:50:35,539601088.0,XAUUSD,buy,0.01,2 157.950,,,2024.03.18 17:50:50,2 158.020,0.00, 0.07
2024-03-18 17:50:35,539601089.0,XAUUSD,buy,0.01,2 157.950,,,2024.03.18 17:50:50,2 158.020,0.00, 0.07
2024-03-18 17:50:35,539601091.0,XAUUSD,buy,0.01,2 157.950,,,2024.03.18 17:50:50,2 158.020,0.00, 0.07
2024-03-18 17:50:35,539601092.0,XAUUSD,buy,0.01,2 157.940,,,2024.03.18 17:50:50,2 158.020,0.00, 0.08
2024-03-18 17:50:35,539601093.0,XAUUSD,buy,0.01,2 157.960,,,2024.03.18 17:50:50,2 158.020,0.00, 0.06
2024-03-18 17:50:35,539601096.0,XAUUSD,buy,0.01,2 157.980,,,2024.03.18 17:50:50,2 158.020,0.00, 0.04
2024-03-18 17:50:35,539601098.0,XAUUSD,buy,0.01,2 157.960,,,2024.03.18 17:50:50,2 158.020,0.00, 0.06
2024-03-18 17:50:36,539601099.0,XAUUSD,buy,0.01,2 157.960,,,2024.03.18 17:50:50,2 158.020,0.00, 0.06
2024-03-18 17:50:36,539601101.0,XAUUSD,buy,0.01,2 157.920,,,2024.03.18 17:50:50,2 158.020,0.00, 0.10
2024-03-18 17:50:36,539601102.0,XAUUSD,buy,0.01,2 157.940,,,2024.03.18 17:50:50,2 158.020,0.00, 0.08
2024-03-18 17:50:36,539601103.0,XAUUSD,buy,0.01,2 157.960,,,2024.03.18 17:50:50,2 158.020,0.00, 0.06
2024-03-18 17:50:36,539601107.0,XAUUSD,buy,0.01,2 157.950,,,2024.03.18 17:50:50,2 158.020,0.00, 0.07
2024-03-18 17:50:36,539601108.0,XAUUSD,buy,0.01,2 157.960,,,2024.03.18 17:50:50,2 158.020,0.00, 0.06
2024-03-19 14:26:42,540196068.0,XAUUSD,buy,0.01,2 153.680,,,2024.03.19 14:27:03,2 152.520,0.00,- 1.16
2024-03-19 14:26:43,540196075.0,XAUUSD,buy,0.01,2 153.700,,,2024.03.19 14:27:03,2 152.520,0.00,- 1.18
2024-03-19 14:26:45,540196092.0,XAUUSD,buy,0.01,2 153.790,,,2024.03.19 14:27:03,2 152.520,0.00,- 1.27
2024-03-19 14:26:46,540196104.0,XAUUSD,buy,0.01,2 153.690,,,2024.03.19 14:27:03,2 152.520,0.00,- 1.17
2024-03-19 14:26:46,540196118.0,XAUUSD,buy,0.01,2 153.700,,,2024.03.19 14:27:03,2 152.520,0.00,- 1.18
2024-03-19 14:26:47,540196121.0,XAUUSD,buy,0.01,2 153.700,,,2024.03.19 14:27:03,2 152.520,0.00,- 1.18
2024-03-19 14:26:48,540196134.0,XAUUSD,buy,0.01,2 153.570,,,2024.03.19 14:27:03,2 152.520,0.00,- 1.05
2024-03-19 14:26:49,540196141.0,XAUUSD,buy,0.01,2 153.440,,,2024.03.19 14:27:03,2 152.520,0.00,- 0.92
2024-03-19 14:26:52,540196155.0,XAUUSD,buy,0.01,2 153.340,,,2024.03.19 14:27:03,2 152.520,0.00,- 0.82
2024-03-19 14:26:52,540196161.0,XAUUSD,buy,0.01,2 153.340,,,2024.03.19 14:27:03,2 152.520,0.00,- 0.82
2024-03-19 14:26:53,540196166.0,XAUUSD,buy,0.01,2 153.300,,,2024.03.19 14:27:03,2 152.520,0.00,- 0.78
2024-03-19 14:26:54,540196176.0,XAUUSD,buy,0.01,2 153.340,,,2024.03.19 14:27:03,2 152.520,0.00,- 0.82
2024-03-19 14:26:55,540196188.0,XAUUSD,buy,0.01,2 153.330,,,2024.03.19 14:27:03,2 152.520,0.00,- 0.81
2024-03-19 14:26:56,540196197.0,XAUUSD,buy,0.01,2 153.330,,,2024.03.19 14:27:03,2 152.520,0.00,- 0.81
2024-03-19 14:26:57,540196209.0,XAUUSD,buy,0.01,2 153.270,,,2024.03.19 14:27:04,2 152.520,0.00,- 0.75
2024-03-19 14:26:58,540196216.0,XAUUSD,buy,0.01,2 153.110,,,2024.03.19 14:27:04,2 152.520,0.00,- 0.59
2024-03-19 14:27:08,540196416.0,XAUUSD,buy,0.01,2 152.580,,,2024.03.19 14:27:18,2 152.480,0.00,- 0.10
2024-03-19 14:27:08,540196421.0,XAUUSD,buy,0.01,2 152.710,,,2024.03.19 14:27:18,2 152.480,0.00,- 0.23
2024-03-19 14:27:08,540196424.0,XAUUSD,buy,0.01,2 152.640,,,2024.03.19 14:27:18,2 152.480,0.00,- 0.16
2024-03-19 14:27:08,540196426.0,XAUUSD,buy,0.01,2 152.630,,,2024.03.19 14:27:18,2 152.480,0.00,- 0.15
2024-03-19 14:27:08,540196428.0,XAUUSD,buy,0.01,2 152.630,,,2024.03.19 14:27:18,2 152.480,0.00,- 0.15
2024-03-19 14:27:08,540196429.0,XAUUSD,buy,0.01,2 152.630,,,2024.03.19 14:27:18,2 152.480,0.00,- 0.15
2024-03-19 14:27:09,540196434.0,XAUUSD,buy,0.01,2 152.620,,,2024.03.19 14:27:18,2 152.480,0.00,- 0.14
2024-03-19 14:27:09,540196436.0,XAUUSD,buy,0.01,2 152.620,,,2024.03.19 14:27:18,2 152.480,0.00,- 0.14
2024-03-19 14:27:09,540196438.0,XAUUSD,buy,0.01,2 152.620,,,2024.03.19 14:27:18,2 152.480,0.00,- 0.14
2024-03-19 14:27:09,540196440.0,XAUUSD,buy,0.01,2 152.620,,,2024.03.19 14:27:18,2 152.480,0.00,- 0.14
2024-03-19 14:27:09,540196443.0,XAUUSD,buy,0.01,2 152.610,,,2024.03.19 14:27:18,2 152.480,0.00,- 0.13
2024-03-19 14:27:09,540196446.0,XAUUSD,buy,0.01,2 152.620,,,2024.03.19 14:27:18,2 152.480,0.00,- 0.14
2024-03-19 16:05:30,540323317.0,XAUUSD,buy,2.0,2 150.180,,2 150.907,2024.03.19 16:07:54,2 150.070,0.00,- 22.00
2024-03-19 16:05:47,540323628.0,XAUUSD,buy,2.0,2 149.870,,2 150.907,2024.03.19 16:07:53,2 150.080,0.00, 42.00
2024-03-19 16:06:02,540324809.0,XAUUSD,buy,2.0,2 149.670,,2 150.907,2024.03.19 16:07:52,2 150.140,0.00, 94.00
2024-03-19 16:06:42,540325403.0,XAUUSD,buy,2.0,2 149.370,,,2024.03.19 16:07:52,2 150.060,0.00, 138.00
2024-03-20 14:43:10,540910586.0,XAUUSD,buy,2.0,2 150.480,,2 151.305,2024.03.20 14:46:13,2 150.460,0.00,- 4.00
2024-03-20 14:44:39,540912748.0,XAUUSD,buy,2.0,2 150.130,,2 151.305,2024.03.20 14:46:13,2 150.500,0.00, 74.00
2024-03-20 16:02:09,540991279.0,XAUUSD,sell,2.0,2 160.950,,2 162.259,2024.03.20 16:07:03,2 163.360,0.00,- 482.00
2024-03-20 16:02:19,540991796.0,XAUUSD,sell,2.0,2 162.090,,2 162.259,2024.03.20 16:07:02,2 163.390,0.00,- 260.00
2024-03-20 16:02:54,540995233.0,XAUUSD,sell,5.0,2 163.410,,2 162.259,2024.03.20 16:07:01,2 163.380,0.00, 15.00
2024-03-20 16:05:17,541000908.0,XAUUSD,sell,5.0,2 164.500,,2 162.259,2024.03.20 16:07:01,2 163.030,0.00, 735.00
2024-03-20 16:07:22,541003433.0,XAUUSD,sell,2.0,2 163.320,,2 162.920,2024.03.20 16:11:00,2 163.790,0.00,- 94.00
2024-03-20 16:08:02,541004391.0,XAUUSD,sell,2.0,2 164.520,,2 162.920,2024.03.20 16:11:00,2 163.790,0.00, 146.00
2024-03-20 16:51:58,541051732.0,XAUUSD,buy,2.0,2 156.110,,2 157.110,2024.03.20 16:53:14,2 156.450,0.00, 68.00
2024-03-20 20:18:34,541260956.0,XAUUSD,buy,2.0,2 164.970,,2 165.970,2024.03.20 20:19:02,2 164.750,0.00,- 44.00
2024-03-20 21:10:59,541401183.0,XAUUSD,sell,1.0,2 184.130,,2 182.130,2024.03.20 21:12:16,2 182.970,0.00, 116.00
2024-03-21 14:30:36,542137612.0,XAUUSD,sell,2.0,2 205.870,,,2024.03.21 14:31:53,2 205.220,0.00, 130.00
2024-03-21 15:31:51,542213138.0,XAUUSD,buy,2.0,2 199.380,,2 200.380,2024.03.21 15:32:30,2 199.690,0.00, 62.00
2024-03-21 15:47:52,542241215.0,XAUUSD,buy,2.0,2 197.650,,2 195.113,2024.03.21 15:57:39,2 194.110,0.00,- 708.00
2024-03-21 15:48:45,542243813.0,XAUUSD,buy,2.0,2 196.350,,2 195.113,2024.03.21 15:57:38,2 194.200,0.00,- 430.00
2024-03-21 15:53:51,542252464.0,XAUUSD,buy,5.0,2 194.820,,2 195.113,2024.03.21 15:57:37,2 194.160,0.00,- 330.00
2024-03-21 15:54:15,542257379.0,XAUUSD,buy,5.0,2 193.040,,2 195.113,2024.03.21 15:57:37,2 194.180,0.00, 570.00
2024-03-21 15:57:21,542262191.0,XAUUSD,buy,10.0,2 193.620,,2 195.113,2024.03.21 15:57:36,2 194.040,0.00, 420.00
2024-03-21 15:57:53,542262794.0,XAUUSD,buy,10.0,2 193.250,,2 194.050,2024.03.21 16:00:15,2 191.020,0.00,-2 230.00
2024-03-21 16:00:25,542271648.0,XAUUSD,sell,100.0,2 190.250,,2 190.295,2024.03.21 16:01:27,2 190.280,0.00,- 300.00
2024-03-21 16:00:43,542273513.0,XAUUSD,sell,100.0,2 190.940,,2 190.295,2024.03.21 16:01:27,2 190.280,0.00,6 600.00
2024-03-22 14:19:15,542972839.0,XAUUSD,sell,0.1,2 173.600,,2 172.600,2024.03.22 14:20:18,2 172.600,0.00, 10.00
2024-03-22 15:47:21,543040789.0,XAUUSD,sell,2.0,2 178.780,,2 177.780,2024.03.22 15:48:05,2 178.280,0.00, 100.00
2024-03-25 15:42:23,543637733.0,XAUUSD,sell,2.0,2 181.040,,2 180.040,2024.03.25 15:43:06,2 180.640,0.00, 80.00
2024-03-25 16:00:40,543655791.0,XAUUSD,buy,2.0,2 178.130,,2 179.130,2024.03.25 16:01:53,2 178.520,0.00, 78.00
2024-03-25 16:01:22,543656518.0,XAUUSD,buy,2.0,2 178.080,,,2024.03.25 16:01:52,2 178.490,0.00, 82.00
2024-03-25 18:20:01,543740569.0,XAUUSD,sell,0.02,2 176.860,,2 175.640,2024.03.25 18:36:37,2 175.700,0.00, 2.32
2024-03-25 18:27:01,543742556.0,XAUUSD,sell,0.04,2 177.390,,2 175.640,2024.03.25 18:36:37,2 175.700,0.00, 6.76
2024-03-25 18:37:01,543747389.0,XAUUSD,sell,0.01,2 175.410,,2 174.460,2024.03.25 19:46:32,2 174.500,0.00, 0.91
2024-03-25 19:01:01,543755388.0,XAUUSD,sell,0.01,2 176.040,,2 174.460,2024.03.25 19:46:32,2 174.520,0.00, 1.52
2024-03-25 19:47:02,543773234.0,XAUUSD,sell,0.01,2 174.560,,2 173.640,2024.03.25 20:02:59,2 173.630,0.00, 0.93
2024-03-25 19:57:02,543777023.0,XAUUSD,sell,0.01,2 175.220,,2 173.640,2024.03.25 20:02:59,2 173.630,0.00, 1.59
2024-03-25 20:03:01,543780797.0,XAUUSD,sell,0.01,2 173.450,,2 172.520,2024.03.25 21:09:48,2 172.540,0.00, 0.91
2024-03-25 20:21:02,543787379.0,XAUUSD,sell,0.01,2 174.110,,2 172.520,2024.03.25 21:09:48,2 172.540,0.00, 1.57
2024-03-25 21:10:01,543797424.0,XAUUSD,sell,0.01,2 171.980,,2 171.020,2024.03.25 21:55:31,2 171.090,0.00, 0.89
2024-03-25 21:34:02,543806207.0,XAUUSD,sell,0.01,2 172.660,,2 171.020,2024.03.25 21:55:30,2 171.090,0.00, 1.57
2024-03-25 21:56:01,543810591.0,XAUUSD,sell,0.01,2 170.920,,2 172.170,2024.03.26 03:02:37,2 172.280,- 0.03,- 1.36
2024-03-25 22:08:01,543813403.0,XAUUSD,sell,0.01,2 171.570,,2 172.170,2024.03.26 03:02:37,2 172.280,- 0.03,- 0.71
2024-03-25 22:40:01,543818408.0,XAUUSD,sell,0.02,2 172.290,,2 172.170,2024.03.26 03:02:37,2 172.280,- 0.06, 0.02
2024-03-26 00:23:02,543827288.0,XAUUSD,sell,0.04,2 172.800,,,2024.03.26 00:23:03,2 173.200,0.00,- 1.60
2024-03-26 02:31:01,543842376.0,XAUUSD,sell,0.08,2 173.380,,2 172.170,2024.03.26 03:02:37,2 172.280,0.00, 8.80
2024-03-26 02:42:01,543843698.0,XAUUSD,sell,0.16,2 173.970,,2 172.170,2024.03.26 03:02:36,2 172.280,0.00, 27.04
2024-03-26 03:03:02,543850222.0,XAUUSD,sell,0.01,2 171.870,,2 171.480,2024.03.26 03:25:24,2 171.560,0.00, 0.31
2024-03-26 03:16:01,543857049.0,XAUUSD,sell,0.01,2 173.530,,2 171.480,2024.03.26 03:25:24,2 171.560,0.00, 1.97
2024-03-26 03:26:01,543861495.0,XAUUSD,sell,0.01,2 171.110,,2 169.890,2024.03.26 03:42:33,2 169.790,0.00, 1.32
2024-03-26 03:43:01,543867181.0,XAUUSD,sell,0.01,2 169.440,,2 168.150,2024.03.26 03:48:58,2 168.260,0.00, 1.18
2024-03-26 03:49:01,543870957.0,XAUUSD,sell,0.01,2 168.030,,2 170.180,2024.03.26 05:57:33,2 170.300,0.00,- 2.27
2024-03-26 03:54:01,543872865.0,XAUUSD,sell,0.01,2 168.980,,2 170.180,2024.03.26 05:57:33,2 170.300,0.00,- 1.32
2024-03-26 04:01:01,543875863.0,XAUUSD,sell,0.02,2 169.630,,2 170.180,2024.03.26 05:57:33,2 170.300,0.00,- 1.34
2024-03-26 04:13:01,543877646.0,XAUUSD,sell,0.04,2 170.270,,2 170.180,2024.03.26 05:57:33,2 170.300,0.00,- 0.12
2024-03-26 04:22:02,543879212.0,XAUUSD,sell,0.08,2 170.900,,2 170.180,2024.03.26 05:57:33,2 170.300,0.00, 4.80
2024-03-26 04:36:01,543882195.0,XAUUSD,sell,0.16,2 171.330,,2 170.180,2024.03.26 05:57:33,2 170.300,0.00, 16.48
2024-03-26 05:36:01,543893255.0,XAUUSD,sell,0.32,2 172.090,,2 170.180,2024.03.26 05:57:33,2 170.300,0.00, 57.28
2024-03-26 05:58:02,543899452.0,XAUUSD,sell,0.01,2 170.080,,2 171.950,2024.03.26 08:21:26,2 172.110,0.00,- 2.03
2024-03-26 06:07:06,543901193.0,XAUUSD,sell,0.01,2 170.720,,2 171.950,2024.03.26 08:21:26,2 172.110,0.00,- 1.39
2024-03-26 06:25:01,543904205.0,XAUUSD,sell,0.02,2 171.990,,2 171.950,2024.03.26 08:21:26,2 172.110,0.00,- 0.24
2024-03-26 07:10:02,543911486.0,XAUUSD,sell,0.04,2 172.620,,2 171.950,2024.03.26 08:21:26,2 172.110,0.00, 2.04
2024-03-26 07:51:02,543920329.0,XAUUSD,sell,0.08,2 173.190,,2 171.950,2024.03.26 08:21:25,2 172.090,0.00, 8.80
2024-03-26 08:10:01,543927167.0,XAUUSD,sell,0.16,2 173.870,,2 171.950,2024.03.26 08:21:26,2 172.110,0.00, 28.16
2024-03-26 08:22:02,543931352.0,XAUUSD,sell,0.01,2 171.940,,2 171.090,2024.03.26 08:49:06,2 171.130,0.00, 0.81
2024-03-26 08:34:02,543938666.0,XAUUSD,sell,0.01,2 172.780,,2 171.090,2024.03.26 08:49:06,2 171.070,0.00, 1.71
2024-03-26 08:50:02,543943414.0,XAUUSD,buy,0.01,2 171.320,,2 171.800,2024.03.26 09:30:11,2 171.760,0.00, 0.44
2024-03-26 08:53:01,543944645.0,XAUUSD,buy,0.01,2 170.870,,2 171.800,2024.03.26 09:30:11,2 171.760,0.00, 0.89
2024-03-26 09:19:02,543954704.0,XAUUSD,buy,0.02,2 169.950,,2 171.800,2024.03.26 09:30:11,2 171.760,0.00, 3.62
2024-03-26 09:31:01,543960326.0,XAUUSD,buy,0.01,2 172.560,,2 173.810,2024.03.26 09:44:41,2 173.730,0.00, 1.17
2024-03-26 09:45:01,543968427.0,XAUUSD,buy,0.01,2 173.610,,2 173.720,2024.03.26 10:15:16,2 173.760,0.00, 0.15
2024-03-26 09:49:01,543970983.0,XAUUSD,buy,0.01,2 173.140,,2 173.720,2024.03.26 10:15:16,2 173.760,0.00, 0.62
2024-03-26 10:01:01,543977581.0,XAUUSD,buy,0.02,2 172.610,,2 173.720,2024.03.26 10:15:16,2 173.760,0.00, 2.30
2024-03-26 10:05:01,543981847.0,XAUUSD,buy,0.04,2 171.840,,2 173.720,2024.03.26 10:15:16,2 173.760,0.00, 7.68
2024-03-26 10:16:01,543989065.0,XAUUSD,buy,0.01,2 173.880,,2 175.160,2024.03.26 10:19:01,2 175.030,0.00, 1.15
2024-03-26 10:19:02,543992874.0,XAUUSD,buy,0.01,2 175.140,,2 176.530,2024.03.26 10:23:50,2 176.380,0.00, 1.24
2024-03-26 10:24:01,543997848.0,XAUUSD,buy,0.01,2 176.640,,2 177.990,2024.03.26 10:31:57,2 177.840,0.00, 1.20
2024-03-26 10:32:01,544005010.0,XAUUSD,buy,0.01,2 178.070,,2 179.010,2024.03.26 10:39:07,2 178.970,0.00, 0.90
2024-03-26 10:33:01,544005685.0,XAUUSD,buy,0.01,2 177.350,,2 179.010,2024.03.26 10:39:07,2 178.970,0.00, 1.62
2024-03-26 10:40:01,544011360.0,XAUUSD,buy,0.01,2 179.000,,2 179.310,2024.03.26 11:01:33,2 179.290,0.00, 0.29
2024-03-26 10:45:01,544016224.0,XAUUSD,buy,0.01,2 178.310,,2 179.310,2024.03.26 11:01:33,2 179.290,0.00, 0.98
2024-03-26 10:51:01,544021686.0,XAUUSD,buy,0.02,2 177.450,,2 179.310,2024.03.26 11:01:33,2 179.290,0.00, 3.68
2024-03-26 11:02:02,544029511.0,XAUUSD,buy,0.01,2 179.060,,2 180.410,2024.03.26 11:10:29,2 180.280,0.00, 1.22
2024-03-26 11:11:01,544037827.0,XAUUSD,sell,0.01,2 179.950,,2 197.130,2024.03.26 13:00:08,2 197.190,0.00,- 17.24
2024-03-26 11:12:02,544038315.0,XAUUSD,sell,0.01,2 180.630,,2 197.130,2024.03.26 13:00:13,2 197.210,0.00,- 16.58
2024-03-26 11:14:01,544043491.0,XAUUSD,sell,0.02,2 183.080,,2 197.130,2024.03.26 13:00:13,2 197.210,0.00,- 28.26
2024-03-26 11:15:01,544044826.0,XAUUSD,sell,0.04,2 183.310,,2 197.130,2024.03.26 13:00:13,2 197.210,0.00,- 55.60
2024-03-26 11:27:01,544055499.0,XAUUSD,sell,0.08,2 184.190,,2 197.130,2024.03.26 13:00:08,2 197.190,0.00,- 104.00
2024-03-26 11:28:01,544058480.0,XAUUSD,sell,0.16,2 185.420,,2 197.130,2024.03.26 13:00:13,2 197.210,0.00,- 188.64
2024-03-26 11:31:01,544065756.0,XAUUSD,sell,0.32,2 186.160,,2 197.130,2024.03.26 13:00:08,2 197.210,0.00,- 353.60
2024-03-26 11:34:01,544070698.0,XAUUSD,sell,0.64,2 186.870,,2 197.130,2024.03.26 13:00:13,2 197.210,0.00,- 661.76
2024-03-26 11:41:01,544079682.0,XAUUSD,sell,1.28,2 187.820,,2 197.130,2024.03.26 13:00:13,2 197.210,0.00,-1 201.92
2024-03-26 11:42:01,544087995.0,XAUUSD,sell,2.56,2 194.730,,2 197.130,2024.03.26 13:00:08,2 197.190,0.00,- 629.76
2024-03-26 12:33:01,544129066.0,XAUUSD,sell,5.12,2 194.680,,2 197.130,2024.03.26 13:00:13,2 197.210,0.00,-1 295.36
2024-03-26 12:52:01,544141322.0,XAUUSD,sell,10.24,2 196.270,,2 197.130,2024.03.26 13:00:08,2 197.190,0.00,- 942.08
2024-03-26 12:53:01,544143199.0,XAUUSD,sell,20.48,2 197.520,,2 197.130,2024.03.26 13:00:13,2 197.210,0.00, 634.88
2024-03-26 12:55:01,544145860.0,XAUUSD,sell,40.96,2 198.430,,2 197.130,2024.03.26 13:00:08,2 197.190,0.00,5 079.04
2024-03-26 12:56:01,544147989.0,XAUUSD,sell,81.92,2 199.830,,2 197.130,2024.03.26 13:00:13,2 197.210,0.00,21 463.04
2024-03-26 13:01:01,544152544.0,XAUUSD,sell,0.01,2 196.930,,2 196.540,2024.03.26 13:15:58,2 196.570,0.00, 0.36
2024-03-26 13:04:01,544153419.0,XAUUSD,sell,0.01,2 197.670,,2 196.540,2024.03.26 13:15:58,2 196.570,0.00, 1.10
2024-03-26 13:05:01,544153894.0,XAUUSD,sell,0.02,2 198.520,,2 196.540,2024.03.26 13:15:58,2 196.570,0.00, 3.90
2024-03-26 13:16:01,544158083.0,XAUUSD,sell,0.01,2 196.430,,2 195.830,2024.03.26 13:23:32,2 195.900,0.00, 0.53
2024-03-26 13:17:02,544158575.0,XAUUSD,sell,0.01,2 197.810,,2 195.830,2024.03.26 13:23:32,2 195.900,0.00, 1.91
2024-03-26 13:24:01,544161555.0,XAUUSD,buy,0.01,2 196.300,,2 197.110,2024.03.26 13:45:07,2 197.050,0.00, 0.75
2024-03-26 13:27:01,544162669.0,XAUUSD,buy,0.01,2 195.600,,2 197.110,2024.03.26 13:45:07,2 197.050,0.00, 1.45
2024-03-26 13:46:01,544169830.0,XAUUSD,sell,0.01,2 195.990,,2 195.010,2024.03.26 14:19:56,2 195.040,0.00, 0.95
2024-03-26 13:57:01,544173969.0,XAUUSD,sell,0.01,2 196.840,,2 195.010,2024.03.26 14:19:56,2 195.060,0.00, 1.78
2024-03-26 14:20:01,544183710.0,XAUUSD,sell,0.01,2 194.890,,2 193.610,2024.03.26 14:21:34,2 193.590,0.00, 1.30
2024-03-26 14:22:01,544187090.0,XAUUSD,sell,0.01,2 193.740,,2 192.800,2024.03.26 14:30:11,2 192.630,0.00, 1.11
2024-03-26 14:26:02,544190734.0,XAUUSD,sell,0.01,2 194.900,,2 192.800,2024.03.26 14:30:11,2 192.380,0.00, 2.52
2024-03-26 14:31:01,544196072.0,XAUUSD,sell,0.01,2 193.740,,2 192.300,2024.03.26 14:35:29,2 192.340,0.00, 1.40
2024-03-26 14:36:01,544200044.0,XAUUSD,sell,0.01,2 192.470,,2 191.590,2024.03.26 14:41:13,2 191.580,0.00, 0.89
2024-03-26 14:40:01,544202530.0,XAUUSD,sell,0.01,2 193.090,,2 191.590,2024.03.26 14:41:13,2 191.580,0.00, 1.51
2024-03-26 14:42:01,544207171.0,XAUUSD,sell,0.01,2 191.330,,2 189.830,2024.03.26 14:46:19,2 189.900,0.00, 1.43
2024-03-26 14:47:01,544213895.0,XAUUSD,sell,0.01,2 189.460,,2 188.080,2024.03.26 14:50:13,2 188.150,0.00, 1.31
2024-03-26 14:51:01,544218365.0,XAUUSD,buy,0.01,2 188.640,,2 188.860,2024.03.26 15:02:19,2 188.860,0.00, 0.22
2024-03-26 14:53:01,544219639.0,XAUUSD,buy,0.01,2 187.980,,2 188.860,2024.03.26 15:02:19,2 188.860,0.00, 0.88
2024-03-26 14:55:01,544221903.0,XAUUSD,buy,0.02,2 186.890,,2 188.860,2024.03.26 15:02:19,2 188.860,0.00, 3.94
2024-03-26 15:03:02,544230540.0,XAUUSD,buy,0.01,2 189.490,,2 190.650,2024.03.26 15:05:17,2 190.500,0.00, 1.01
2024-03-26 15:06:01,544233567.0,XAUUSD,buy,0.01,2 190.680,,2 190.700,2024.03.26 15:12:15,2 190.630,0.00,- 0.05
2024-03-26 15:07:01,544234261.0,XAUUSD,buy,0.01,2 189.540,,2 190.700,2024.03.26 15:12:15,2 190.630,0.00, 1.09
2024-03-26 15:09:01,544235837.0,XAUUSD,buy,0.02,2 188.790,,2 190.700,2024.03.26 15:12:15,2 190.630,0.00, 3.68
2024-03-26 15:13:01,544238219.0,XAUUSD,buy,0.01,2 191.300,,2 192.390,2024.03.26 15:16:12,2 192.370,0.00, 1.07
2024-03-26 15:17:01,544242594.0,XAUUSD,buy,0.01,2 192.780,,2 184.270,2024.03.26 15:51:01,2 184.270,0.00,- 8.51
2024-03-26 15:19:01,544243666.0,XAUUSD,buy,0.01,2 191.470,,2 184.270,2024.03.26 15:51:01,2 184.270,0.00,- 7.20
2024-03-26 15:22:01,544245367.0,XAUUSD,buy,0.02,2 189.910,,2 184.270,2024.03.26 15:51:01,2 184.270,0.00,- 11.28
2024-03-26 15:24:01,544248689.0,XAUUSD,buy,0.04,2 188.970,,2 184.270,2024.03.26 15:51:01,2 184.270,0.00,- 18.80
2024-03-26 15:32:01,544253467.0,XAUUSD,buy,0.08,2 188.130,,2 184.270,2024.03.26 15:51:01,2 184.270,0.00,- 30.88
2024-03-26 15:41:01,544261204.0,XAUUSD,buy,0.16,2 183.740,,2 184.270,2024.03.26 15:51:01,2 184.270,0.00, 8.48
2024-03-26 15:42:02,544265081.0,XAUUSD,buy,0.32,2 179.850,,2 184.270,2024.03.26 15:51:01,2 184.270,0.00, 141.44
2024-03-26 15:52:01,544275076.0,XAUUSD,buy,0.01,2 184.080,,2 184.810,2024.03.26 16:01:06,2 184.860,0.00, 0.78
2024-03-26 15:55:01,544276505.0,XAUUSD,buy,0.01,2 182.950,,2 184.810,2024.03.26 16:01:06,2 184.860,0.00, 1.91
2024-03-26 16:02:01,544282863.0,XAUUSD,buy,0.01,2 184.880,,2 186.140,2024.03.26 16:05:01,2 185.990,0.00, 1.11
2024-03-26 16:06:01,544285952.0,XAUUSD,buy,0.01,2 185.930,,2 183.560,2024.03.26 16:18:01,2 183.660,0.00,- 2.27
2024-03-26 16:10:01,544287857.0,XAUUSD,buy,0.01,2 185.430,,2 183.560,2024.03.26 16:18:01,2 183.660,0.00,- 1.77
2024-03-26 16:13:01,544290089.0,XAUUSD,buy,0.02,2 184.740,,2 183.560,2024.03.26 16:18:01,2 183.660,0.00,- 2.16
2024-03-26 16:14:01,544291246.0,XAUUSD,buy,0.04,2 183.330,,2 183.560,2024.03.26 16:18:01,2 183.660,0.00, 1.32
2024-03-26 16:15:01,544293788.0,XAUUSD,buy,0.08,2 182.250,,2 183.560,2024.03.26 16:18:01,2 183.660,0.00, 11.28
2024-03-26 16:16:01,544295271.0,XAUUSD,buy,0.16,2 181.410,,2 183.560,2024.03.26 16:18:01,2 183.660,0.00, 36.00
2024-03-26 16:19:01,544298259.0,XAUUSD,buy,0.01,2 185.090,,2 181.620,2024.03.26 16:35:13,2 181.580,0.00,- 3.51
2024-03-26 16:21:02,544299936.0,XAUUSD,buy,0.01,2 184.310,,2 181.620,2024.03.26 16:35:13,2 181.580,0.00,- 2.73
2024-03-26 16:23:01,544300794.0,XAUUSD,buy,0.02,2 183.410,,2 181.620,2024.03.26 16:35:13,2 181.580,0.00,- 3.66
2024-03-26 16:24:01,544302128.0,XAUUSD,buy,0.04,2 181.970,,2 181.620,2024.03.26 16:35:13,2 181.580,0.00,- 1.56
2024-03-26 16:31:01,544310139.0,XAUUSD,buy,0.08,2 180.390,,2 181.620,2024.03.26 16:35:13,2 181.580,0.00, 9.52
2024-03-26 16:32:01,544312418.0,XAUUSD,buy,0.16,2 180.260,,2 181.620,2024.03.26 16:35:13,2 181.580,0.00, 21.12
2024-03-26 16:33:01,544313221.0,XAUUSD,buy,0.32,2 179.580,,2 181.620,2024.03.26 16:35:12,2 181.580,0.00, 64.00
2024-03-26 16:36:01,544316424.0,XAUUSD,buy,0.01,2 181.990,,2 183.260,2024.03.26 16:43:37,2 183.270,0.00, 1.28
2024-03-26 16:44:01,544321980.0,XAUUSD,buy,0.01,2 183.580,,2 177.920,2024.03.26 17:19:49,2 177.920,0.00,- 5.66
2024-03-26 16:50:01,544325541.0,XAUUSD,buy,0.01,2 182.330,,2 177.920,2024.03.26 17:19:49,2 177.920,0.00,- 4.41
2024-03-26 16:52:01,544327157.0,XAUUSD,buy,0.02,2 181.050,,2 177.920,2024.03.26 17:19:49,2 177.920,0.00,- 6.26
2024-03-26 17:00:01,544332991.0,XAUUSD,buy,0.04,2 179.080,,2 177.920,2024.03.26 17:19:49,2 177.920,0.00,- 4.64
2024-03-26 17:03:02,544337312.0,XAUUSD,buy,0.08,2 178.540,,2 177.920,2024.03.26 17:19:49,2 177.920,0.00,- 4.96
2024-03-26 17:13:01,544345428.0,XAUUSD,buy,0.16,2 177.150,,2 177.920,2024.03.26 17:19:49,2 177.920,0.00, 12.32
2024-03-26 17:14:01,544348680.0,XAUUSD,buy,0.32,2 174.950,,2 177.920,2024.03.26 17:19:49,2 177.920,0.00, 95.04
2024-03-26 17:20:02,544353480.0,XAUUSD,buy,0.01,2 178.160,,2 178.950,2024.03.26 17:23:53,2 178.730,0.00, 0.57
2024-03-26 17:21:02,544353987.0,XAUUSD,buy,0.01,2 177.220,,2 178.950,2024.03.26 17:23:53,2 178.720,0.00, 1.50
2024-03-26 17:24:01,544355845.0,XAUUSD,buy,0.01,2 178.930,,2 174.750,2024.03.26 17:45:00,2 174.780,0.00,- 4.15
2024-03-26 17:29:02,544357235.0,XAUUSD,buy,0.01,2 178.180,,2 174.750,2024.03.26 17:45:00,2 174.780,0.00,- 3.40
2024-03-26 17:31:01,544358098.0,XAUUSD,buy,0.02,2 177.140,,2 174.750,2024.03.26 17:45:00,2 174.780,0.00,- 4.72
2024-03-26 17:37:02,544362304.0,XAUUSD,buy,0.04,2 174.690,,2 174.750,2024.03.26 17:45:00,2 174.780,0.00, 0.36
2024-03-26 17:40:01,544366004.0,XAUUSD,buy,0.08,2 173.420,,2 174.750,2024.03.26 17:45:00,2 174.780,0.00, 10.88
2024-03-26 17:41:02,544369519.0,XAUUSD,buy,0.16,2 172.100,,2 174.750,2024.03.26 17:45:00,2 174.780,0.00, 42.88
2024-03-26 17:46:01,544374024.0,XAUUSD,buy,0.01,2 175.110,,2 176.170,2024.03.26 18:01:43,2 176.050,0.00, 0.94
2024-03-26 18:02:01,544389421.0,XAUUSD,buy,0.01,2 175.690,,2 176.520,2024.03.26 18:15:35,2 176.380,0.00, 0.69
2024-03-26 18:03:01,544390093.0,XAUUSD,buy,0.01,2 174.890,,2 176.520,2024.03.26 18:15:35,2 176.380,0.00, 1.49
2024-03-26 18:16:01,544394823.0,XAUUSD,sell,0.01,2 175.920,,2 176.190,2024.03.26 19:01:16,2 176.310,0.00,- 0.39
2024-03-26 18:22:02,544396591.0,XAUUSD,sell,0.01,2 176.620,,2 176.190,2024.03.26 19:01:16,2 176.310,0.00, 0.31
2024-03-26 18:31:01,544400188.0,XAUUSD,sell,0.02,2 177.290,,2 176.190,2024.03.26 19:01:16,2 176.310,0.00, 1.96
2024-03-26 18:36:01,544403035.0,XAUUSD,sell,0.04,2 178.130,,2 176.190,2024.03.26 19:01:16,2 176.310,0.00, 7.28
2024-03-26 19:02:01,544411089.0,XAUUSD,sell,0.01,2 176.100,,2 176.680,2024.03.26 20:00:26,2 176.700,0.00,- 0.60
2024-03-26 19:04:01,544411798.0,XAUUSD,sell,0.01,2 177.120,,2 176.680,2024.03.26 20:00:26,2 176.700,0.00, 0.42
2024-03-26 19:08:02,544412624.0,XAUUSD,sell,0.02,2 177.750,,2 176.680,2024.03.26 20:00:26,2 176.700,0.00, 2.10
2024-03-26 19:32:01,544417398.0,XAUUSD,sell,0.04,2 178.740,,2 176.680,2024.03.26 20:00:26,2 176.700,0.00, 8.16
2024-03-26 20:01:01,544424513.0,XAUUSD,sell,0.01,2 176.620,,2 176.270,2024.03.26 22:21:42,2 176.350,0.00, 0.27
2024-03-26 20:29:02,544429354.0,XAUUSD,sell,0.01,2 177.230,,2 176.270,2024.03.26 22:21:42,2 176.350,0.00, 0.88
2024-03-26 20:36:02,544430549.0,XAUUSD,sell,0.02,2 178.110,,2 176.270,2024.03.26 22:21:42,2 176.350,0.00, 3.52
2024-03-26 22:22:01,544443994.0,XAUUSD,sell,0.01,2 176.110,,2 174.810,2024.03.26 22:41:45,2 174.890,0.00, 1.22
2024-03-26 22:42:03,544447340.0,XAUUSD,sell,0.01,2 174.660,,2 177.260,2024.03.27 02:33:10,2 177.250,- 0.03,- 2.59
2024-03-26 22:45:02,544447507.0,XAUUSD,sell,0.01,2 175.390,,2 177.260,2024.03.27 02:33:10,2 177.250,- 0.03,- 1.86
2024-03-26 22:47:01,544447687.0,XAUUSD,sell,0.02,2 176.040,,2 177.260,2024.03.27 02:33:10,2 177.250,- 0.06,- 2.42
2024-03-26 22:51:01,544448634.0,XAUUSD,sell,0.04,2 176.960,,2 177.260,2024.03.27 02:33:10,2 177.250,- 0.12,- 1.16
2024-03-26 22:53:01,544450158.0,XAUUSD,sell,0.08,2 177.670,,2 177.260,2024.03.27 02:33:10,2 177.250,- 0.24, 3.36
2024-03-27 00:05:02,544452540.0,XAUUSD,sell,0.16,2 178.400,,2 177.260,2024.03.27 02:33:10,2 177.250,0.00, 18.40
2024-03-27 00:29:01,544455838.0,XAUUSD,sell,0.32,2 179.330,,2 177.260,2024.03.27 02:33:10,2 177.250,0.00, 66.56
2024-03-27 02:34:02,544479417.0,XAUUSD,sell,0.01,2 177.230,,2 178.120,2024.03.27 03:34:34,2 178.180,0.00,- 0.95
2024-03-27 02:47:02,544481373.0,XAUUSD,sell,0.01,2 177.740,,2 178.120,2024.03.27 03:34:33,2 178.180,0.00,- 0.44
2024-03-27 03:01:01,544483407.0,XAUUSD,sell,0.02,2 178.400,,2 178.120,2024.03.27 03:34:34,2 178.180,0.00, 0.44
2024-03-27 03:05:01,544484282.0,XAUUSD,sell,0.04,2 179.390,,2 178.120,2024.03.27 03:34:34,2 178.180,0.00, 4.84
2024-03-27 03:09:02,544485593.0,XAUUSD,sell,0.08,2 180.040,,2 178.120,2024.03.27 03:34:34,2 178.180,0.00, 14.88
2024-03-27 03:35:01,544497742.0,XAUUSD,sell,0.01,2 177.390,,2 176.230,2024.03.27 03:41:26,2 176.220,0.00, 1.17
2024-03-27 03:42:02,544504115.0,XAUUSD,sell,0.01,2 175.950,,2 174.660,2024.03.27 03:42:39,2 174.280,0.00, 1.67
2024-03-27 03:43:01,544506643.0,XAUUSD,sell,0.01,2 174.440,,2 174.930,2024.03.27 04:49:10,2 175.090,0.00,- 0.65
2024-03-27 03:45:02,544509592.0,XAUUSD,sell,0.01,2 175.230,,2 174.930,2024.03.27 04:49:10,2 175.100,0.00, 0.13
2024-03-27 04:02:03,544515255.0,XAUUSD,sell,0.02,2 176.070,,2 174.930,2024.03.27 04:49:10,2 175.090,0.00, 1.96
2024-03-27 04:03:02,544515555.0,XAUUSD,sell,0.04,2 176.840,,2 174.930,2024.03.27 04:49:10,2 175.090,0.00, 7.00
2024-03-27 04:50:01,544525332.0,XAUUSD,buy,0.01,2 175.300,,2 176.680,2024.03.27 05:06:32,2 176.620,0.00, 1.32
2024-03-27 05:07:02,544527178.0,XAUUSD,buy,0.01,2 176.670,,2 177.930,2024.03.27 05:12:30,2 178.010,0.00, 1.34
2024-03-27 05:13:01,544530578.0,XAUUSD,buy,0.01,2 178.810,,2 179.950,2024.03.27 05:13:44,2 180.000,0.00, 1.19
2024-03-27 05:14:01,544531266.0,XAUUSD,buy,0.01,2 179.840,,2 181.280,2024.03.27 05:15:01,2 181.340,0.00, 1.50
2024-03-27 05:16:01,544533654.0,XAUUSD,sell,0.01,2 179.510,,2 178.570,2024.03.27 05:40:51,2 178.560,0.00, 0.95
2024-03-27 05:17:02,544534576.0,XAUUSD,sell,0.01,2 180.190,,2 178.570,2024.03.27 05:40:51,2 178.560,0.00, 1.63
2024-03-27 05:41:03,544539454.0,XAUUSD,sell,0.01,2 178.300,,2 177.980,2024.03.27 07:05:12,2 177.970,0.00, 0.33
2024-03-27 06:15:01,544544679.0,XAUUSD,sell,0.01,2 179.150,,2 177.980,2024.03.27 07:05:12,2 177.970,0.00, 1.18
2024-03-27 06:22:02,544545861.0,XAUUSD,sell,0.02,2 179.820,,2 177.980,2024.03.27 07:05:12,2 177.970,0.00, 3.70
2024-03-27 07:06:01,544556444.0,XAUUSD,sell,0.01,2 177.510,,2 176.250,2024.03.27 07:15:34,2 176.350,0.00, 1.16
2024-03-27 07:16:02,544559909.0,XAUUSD,sell,0.01,2 176.240,,2 175.820,2024.03.27 07:37:21,2 175.920,0.00, 0.32
2024-03-27 07:21:03,544560939.0,XAUUSD,sell,0.01,2 176.980,,2 175.820,2024.03.27 07:37:21,2 175.920,0.00, 1.06
2024-03-27 07:27:01,544561930.0,XAUUSD,sell,0.02,2 177.560,,2 175.820,2024.03.27 07:37:20,2 175.920,0.00, 3.28
2024-03-27 07:38:03,544565627.0,XAUUSD,buy,0.01,2 176.410,,2 177.680,2024.03.27 07:42:17,2 177.630,0.00, 1.22
2024-03-27 07:43:01,544567411.0,XAUUSD,buy,0.01,2 177.550,,2 178.440,2024.03.27 08:07:16,2 178.350,0.00, 0.80
2024-03-27 07:55:03,544570043.0,XAUUSD,buy,0.01,2 176.850,,2 178.440,2024.03.27 08:07:16,2 178.350,0.00, 1.50
2024-03-27 08:08:02,544574561.0,XAUUSD,buy,0.01,2 178.750,,2 179.700,2024.03.27 08:47:42,2 179.660,0.00, 0.91
2024-03-27 08:20:02,544578870.0,XAUUSD,buy,0.01,2 178.140,,2 179.700,2024.03.27 08:47:42,2 179.660,0.00, 1.52
2024-03-27 08:48:01,544585545.0,XAUUSD,buy,0.01,2 179.920,,2 179.750,2024.03.27 09:13:01,2 179.650,0.00,- 0.27
2024-03-27 08:51:03,544587115.0,XAUUSD,buy,0.01,2 179.170,,2 179.750,2024.03.27 09:13:01,2 179.660,0.00, 0.49
2024-03-27 08:56:01,544588259.0,XAUUSD,buy,0.02,2 178.560,,2 179.750,2024.03.27 09:13:01,2 179.660,0.00, 2.20
2024-03-27 08:57:03,544588874.0,XAUUSD,buy,0.04,2 177.870,,2 179.750,2024.03.27 09:13:01,2 179.660,0.00, 7.16
2024-03-27 09:14:01,544598849.0,XAUUSD,buy,0.01,2 180.560,,2 181.330,2024.03.27 10:14:50,2 181.400,0.00, 0.84
2024-03-27 09:15:01,544599409.0,XAUUSD,buy,0.01,2 179.630,,2 181.330,2024.03.27 10:14:50,2 181.400,0.00, 1.77
2024-03-27 10:15:01,544627459.0,XAUUSD,buy,0.01,2 181.390,,2 182.770,2024.03.27 10:17:57,2 182.680,0.00, 1.29
2024-03-27 10:18:01,544630538.0,XAUUSD,buy,0.01,2 182.850,,2 179.540,2024.03.27 11:06:01,2 179.280,0.00,- 3.57
2024-03-27 10:20:01,544631911.0,XAUUSD,buy,0.01,2 181.860,,2 179.540,2024.03.27 11:06:01,2 179.280,0.00,- 2.58
2024-03-27 10:23:01,544634202.0,XAUUSD,buy,0.02,2 181.540,,2 179.540,2024.03.27 11:06:01,2 179.280,0.00,- 4.52
2024-03-27 10:28:02,544638090.0,XAUUSD,buy,0.04,2 180.390,,2 179.540,2024.03.27 11:06:01,2 179.280,0.00,- 4.44
2024-03-27 10:29:01,544639702.0,XAUUSD,buy,0.08,2 179.600,,2 179.540,2024.03.27 11:06:01,2 179.290,0.00,- 2.48
2024-03-27 10:36:02,544646260.0,XAUUSD,buy,0.16,2 178.850,,2 179.540,2024.03.27 11:06:01,2 179.280,0.00, 6.88
2024-03-27 10:39:01,544650277.0,XAUUSD,buy,0.32,2 178.230,,2 179.540,2024.03.27 11:06:01,2 179.280,0.00, 33.60
2024-03-27 10:45:01,544657642.0,XAUUSD,buy,0.64,2 177.610,,2 179.540,2024.03.27 11:06:01,2 179.280,0.00, 106.88
2024-03-27 11:06:01,544674675.0,XAUUSD,buy,0.01,2 179.460,,2 180.740,2024.03.27 11:13:11,2 180.670,0.00, 1.21
2024-03-27 11:14:02,544680516.0,XAUUSD,buy,0.01,2 180.770,,2 181.660,2024.03.27 11:25:41,2 181.490,0.00, 0.72
2024-03-27 11:18:02,544685505.0,XAUUSD,buy,0.01,2 179.940,,2 181.660,2024.03.27 11:25:41,2 181.490,0.00, 1.55
2024-03-27 11:26:02,544691189.0,XAUUSD,buy,0.01,2 181.520,,2 182.210,2024.03.27 11:42:18,2 182.250,0.00, 0.73
2024-03-27 11:28:01,544692207.0,XAUUSD,buy,0.01,2 180.380,,2 182.210,2024.03.27 11:42:18,2 182.250,0.00, 1.87
2024-03-27 11:43:02,544703398.0,XAUUSD,buy,0.01,2 183.920,,2 185.230,2024.03.27 11:43:17,2 185.090,0.00, 1.17
2024-03-27 11:44:01,544707417.0,XAUUSD,buy,0.01,2 188.750,,2 189.840,2024.03.27 11:44:09,2 189.930,0.00, 1.18
2024-03-27 11:45:01,544711411.0,XAUUSD,buy,0.01,2 189.620,,,2024.03.27 11:45:05,2 191.300,0.00, 1.68
2024-03-27 11:46:01,544713816.0,XAUUSD,sell,0.01,2 188.520,,2 187.460,2024.03.27 11:46:56,2 187.400,0.00, 1.12
2024-03-27 11:47:01,544715196.0,XAUUSD,sell,0.01,2 187.350,,2 188.340,2024.03.27 11:52:15,2 188.210,0.00,- 0.86
2024-03-27 11:48:02,544715838.0,XAUUSD,sell,0.01,2 187.550,,2 188.340,2024.03.27 11:52:15,2 188.210,0.00,- 0.66
2024-03-27 11:49:02,544716807.0,XAUUSD,sell,0.02,2 188.860,,2 188.340,2024.03.27 11:52:15,2 188.210,0.00, 1.30
2024-03-27 11:51:01,544719852.0,XAUUSD,sell,0.04,2 191.080,,2 188.340,2024.03.27 11:52:15,2 188.210,0.00, 11.48
2024-03-27 11:53:01,544721783.0,XAUUSD,buy,0.01,2 188.800,,2 190.270,2024.03.27 11:53:56,2 190.370,0.00, 1.57
2024-03-27 11:54:01,544722419.0,XAUUSD,buy,0.01,2 190.190,,2 191.050,2024.03.27 11:57:06,2 191.100,0.00, 0.91
2024-03-27 11:55:02,544723238.0,XAUUSD,buy,0.01,2 189.190,,2 191.050,2024.03.27 11:57:06,2 191.100,0.00, 1.91
2024-03-27 11:58:01,544726063.0,XAUUSD,buy,0.01,2 191.130,,2 190.800,2024.03.27 12:03:28,2 190.630,0.00,- 0.50
2024-03-27 11:59:02,544726643.0,XAUUSD,buy,0.01,2 190.080,,2 190.800,2024.03.27 12:03:28,2 190.630,0.00, 0.55
2024-03-27 12:00:02,544727963.0,XAUUSD,buy,0.02,2 189.490,,2 190.800,2024.03.27 12:03:28,2 190.630,0.00, 2.28
2024-03-27 12:02:01,544729242.0,XAUUSD,buy,0.04,2 188.970,,2 190.800,2024.03.27 12:03:28,2 190.630,0.00, 6.64
2024-03-27 12:04:01,544730474.0,XAUUSD,buy,0.01,2 190.540,,2 191.810,2024.03.27 12:07:06,2 191.730,0.00, 1.19
2024-03-27 12:08:02,544732848.0,XAUUSD,sell,0.01,2 190.080,,2 191.840,2024.03.27 12:35:42,2 191.990,0.00,- 1.91
2024-03-27 12:14:01,544735000.0,XAUUSD,sell,0.01,2 191.330,,2 191.840,2024.03.27 12:35:42,2 191.990,0.00,- 0.66
2024-03-27 12:18:03,544737405.0,XAUUSD,sell,0.02,2 192.420,,2 191.840,2024.03.27 12:35:42,2 191.990,0.00, 0.86
2024-03-27 12:26:01,544742433.0,XAUUSD,sell,0.04,2 193.190,,2 191.840,2024.03.27 12:35:42,2 191.990,0.00, 4.80
2024-03-27 12:28:01,544744306.0,XAUUSD,sell,0.08,2 193.930,,2 191.840,2024.03.27 12:35:42,2 191.990,0.00, 15.52
2024-03-27 12:36:01,544749838.0,XAUUSD,sell,0.01,2 192.090,,2 194.910,2024.03.27 13:41:02,2 195.030,0.00,- 2.94
2024-03-27 12:51:01,544755670.0,XAUUSD,sell,0.01,2 192.770,,2 194.910,2024.03.27 13:41:02,2 195.030,0.00,- 2.26
2024-03-27 12:56:01,544757688.0,XAUUSD,sell,0.02,2 193.390,,2 194.910,2024.03.27 13:41:02,2 195.030,0.00,- 3.28
2024-03-27 12:58:01,544758957.0,XAUUSD,sell,0.04,2 194.000,,2 194.910,2024.03.27 13:41:02,2 195.030,0.00,- 4.12
2024-03-27 13:01:01,544762663.0,XAUUSD,sell,0.08,2 195.350,,2 194.910,2024.03.27 13:41:02,2 195.030,0.00, 2.56
2024-03-27 13:22:03,544773974.0,XAUUSD,sell,0.16,2 196.520,,2 194.910,2024.03.27 13:41:02,2 195.030,0.00, 23.84
2024-03-27 13:23:01,544775029.0,XAUUSD,sell,0.32,2 196.890,,2 194.910,2024.03.27 13:41:02,2 195.030,0.00, 59.52
2024-03-27 13:42:01,544786813.0,XAUUSD,sell,0.01,2 194.400,,2 193.110,2024.03.27 13:43:24,2 193.110,0.00, 1.29
2024-03-27 13:44:02,544791858.0,XAUUSD,sell,0.01,2 191.540,,2 190.190,2024.03.27 13:48:58,2 190.030,0.00, 1.51
2024-03-27 13:49:01,544797610.0,XAUUSD,sell,0.01,2 190.010,,2 189.090,2024.03.27 13:51:50,2 189.090,0.00, 0.92
2024-03-27 13:50:01,544798175.0,XAUUSD,sell,0.01,2 190.650,,2 189.090,2024.03.27 13:51:50,2 189.090,0.00, 1.56
2024-03-27 13:52:01,544800974.0,XAUUSD,sell,0.01,2 188.480,,2 187.830,2024.03.27 14:00:37,2 187.960,0.00, 0.52
2024-03-27 13:56:01,544805128.0,XAUUSD,sell,0.01,2 189.500,,2 187.830,2024.03.27 14:00:37,2 187.960,0.00, 1.54
2024-03-27 14:01:01,544811223.0,XAUUSD,sell,0.01,2 187.970,,2 186.700,2024.03.27 14:04:27,2 186.290,0.00, 1.68
2024-03-27 14:05:01,544816165.0,XAUUSD,sell,0.01,2 184.680,,2 186.000,2024.03.27 14:19:30,2 186.000,0.00,- 1.32
2024-03-27 14:06:01,544817718.0,XAUUSD,sell,0.01,2 187.680,,2 186.000,2024.03.27 14:19:30,2 185.910,0.00, 1.77
2024-03-27 14:08:02,544819524.0,XAUUSD,sell,0.02,2 188.450,,2 186.000,2024.03.27 14:19:30,2 185.910,0.00, 5.08
2024-03-27 14:20:01,544827654.0,XAUUSD,sell,0.01,2 186.570,,2 186.520,2024.03.27 14:37:47,2 186.500,0.00, 0.07
2024-03-27 14:22:01,544828445.0,XAUUSD,sell,0.01,2 187.010,,2 186.520,2024.03.27 14:37:47,2 186.500,0.00, 0.51
2024-03-27 14:23:02,544828914.0,XAUUSD,sell,0.02,2 187.760,,2 186.520,2024.03.27 14:37:47,2 186.500,0.00, 2.52
2024-03-27 14:25:01,544829792.0,XAUUSD,sell,0.04,2 188.480,,2 186.520,2024.03.27 14:37:47,2 186.500,0.00, 7.92
2024-03-27 14:38:01,544836766.0,XAUUSD,sell,0.01,2 186.060,,2 185.940,2024.03.27 15:00:05,2 185.920,0.00, 0.14
2024-03-27 14:41:01,544838209.0,XAUUSD,sell,0.01,2 186.890,,2 185.940,2024.03.27 15:00:05,2 185.920,0.00, 0.97
2024-03-27 14:51:02,544842532.0,XAUUSD,sell,0.02,2 187.840,,2 185.940,2024.03.27 15:00:05,2 185.920,0.00, 3.84
2024-03-27 15:01:02,544847369.0,XAUUSD,sell,0.01,2 185.470,,2 184.210,2024.03.27 15:03:44,2 184.250,0.00, 1.22
2024-03-27 15:04:01,544851847.0,XAUUSD,sell,0.01,2 183.890,,2 190.080,2024.03.27 15:40:24,2 190.120,0.00,- 6.23
2024-03-27 15:08:01,544854253.0,XAUUSD,sell,0.01,2 184.660,,2 190.080,2024.03.27 15:40:24,2 190.120,0.00,- 5.46
2024-03-27 15:13:01,544856927.0,XAUUSD,sell,0.02,2 186.000,,2 190.080,2024.03.27 15:40:24,2 190.120,0.00,- 8.24
2024-03-27 15:20:01,544860346.0,XAUUSD,sell,0.04,2 186.650,,2 190.080,2024.03.27 15:40:24,2 190.120,0.00,- 13.88
2024-03-27 15:33:01,544865418.0,XAUUSD,sell,0.08,2 187.850,,2 190.080,2024.03.27 15:40:24,2 190.120,0.00,- 18.16
2024-03-27 15:37:01,544872529.0,XAUUSD,sell,0.16,2 190.200,,2 190.080,2024.03.27 15:40:24,2 190.120,0.00, 1.28
2024-03-27 15:38:01,544875538.0,XAUUSD,sell,0.32,2 191.400,,2 190.080,2024.03.27 15:40:24,2 190.120,0.00, 40.96
2024-03-27 15:39:01,544877785.0,XAUUSD,sell,0.64,2 192.740,,2 190.080,2024.03.27 15:40:24,2 190.120,0.00, 167.68
2024-03-27 15:41:01,544880931.0,XAUUSD,sell,0.01,2 189.760,,2 189.040,2024.03.27 15:46:13,2 189.320,0.00, 0.44
2024-03-27 15:44:01,544883239.0,XAUUSD,sell,0.01,2 190.710,,2 189.040,2024.03.27 15:46:13,2 189.330,0.00, 1.38
2024-03-27 15:47:01,544886168.0,XAUUSD,sell,0.01,2 188.580,,2 191.290,2024.03.27 16:09:42,2 191.210,0.00,- 2.63
2024-03-27 15:48:01,544886792.0,XAUUSD,sell,0.01,2 189.570,,2 191.290,2024.03.27 16:09:42,2 191.210,0.00,- 1.64
2024-03-27 15:51:01,544889466.0,XAUUSD,sell,0.02,2 191.690,,2 191.290,2024.03.27 16:09:42,2 191.210,0.00, 0.96
2024-03-27 15:59:01,544894974.0,XAUUSD,sell,0.04,2 192.800,,2 191.290,2024.03.27 16:09:42,2 191.210,0.00, 6.36
2024-03-27 16:00:02,544897219.0,XAUUSD,sell,0.08,2 193.720,,2 191.290,2024.03.27 16:09:42,2 191.210,0.00, 20.08
2024-03-27 16:10:01,544905222.0,XAUUSD,sell,0.01,2 191.540,,2 190.290,2024.03.27 16:12:09,2 190.370,0.00, 1.17
2024-03-27 16:13:01,544908094.0,XAUUSD,buy,0.01,2 191.550,,2 192.360,2024.03.27 16:28:31,2 192.090,0.00, 0.54
2024-03-27 16:20:02,544913449.0,XAUUSD,buy,0.01,2 190.560,,2 192.360,2024.03.27 16:28:31,2 192.130,0.00, 1.57
2024-03-27 16:29:01,544918949.0,XAUUSD,buy,0.01,2 192.690,,2 193.630,2024.03.27 16:53:23,2 193.580,0.00, 0.89
2024-03-27 16:38:01,544925212.0,XAUUSD,buy,0.01,2 191.970,,2 193.630,2024.03.27 16:53:23,2 193.570,0.00, 1.60
2024-03-27 16:54:01,544934049.0,XAUUSD,buy,0.01,2 193.850,,2 195.060,2024.03.27 16:54:55,2 195.150,0.00, 1.30
2024-03-27 16:55:01,544937732.0,XAUUSD,buy,0.01,2 195.960,,2 190.910,2024.03.27 18:00:35,2 190.770,0.00,- 5.19
2024-03-27 16:56:02,544938689.0,XAUUSD,buy,0.01,2 194.730,,2 190.910,2024.03.27 18:00:35,2 190.770,0.00,- 3.96
2024-03-27 16:58:01,544939764.0,XAUUSD,buy,0.02,2 193.620,,2 190.910,2024.03.27 18:00:35,2 190.770,0.00,- 5.70
2024-03-27 17:06:02,544944044.0,XAUUSD,buy,0.04,2 192.990,,2 190.910,2024.03.27 18:00:35,2 190.770,0.00,- 8.88
2024-03-27 17:17:01,544948107.0,XAUUSD,buy,0.08,2 192.280,,2 190.910,2024.03.27 18:00:35,2 190.770,0.00,- 12.08
2024-03-27 17:19:01,544949375.0,XAUUSD,buy,0.16,2 191.570,,2 190.910,2024.03.27 18:00:35,2 190.770,0.00,- 12.80
2024-03-27 17:22:02,544951959.0,XAUUSD,buy,0.32,2 190.650,,2 190.910,2024.03.27 18:00:35,2 190.770,0.00, 3.84
2024-03-27 17:28:02,544955579.0,XAUUSD,buy,0.64,2 189.920,,2 190.910,2024.03.27 18:00:34,2 190.770,0.00, 54.40
2024-03-27 17:33:01,544959606.0,XAUUSD,buy,1.28,2 188.600,,2 190.910,2024.03.27 18:00:35,2 190.770,0.00, 277.76
2024-03-27 18:01:01,544971951.0,XAUUSD,buy,0.01,2 191.120,,2 192.090,2024.03.27 18:30:35,2 192.080,0.00, 0.96
2024-03-27 18:06:01,544973721.0,XAUUSD,buy,0.01,2 190.580,,2 192.090,2024.03.27 18:30:35,2 191.980,0.00, 1.40
2024-03-27 18:31:01,544984895.0,XAUUSD,buy,0.01,2 192.190,,2 192.900,2024.03.27 19:02:06,2 192.810,0.00, 0.62
2024-03-27 18:43:02,544990188.0,XAUUSD,buy,0.01,2 191.850,,2 192.900,2024.03.27 19:02:06,2 192.810,0.00, 0.96
2024-03-27 18:47:01,544991590.0,XAUUSD,buy,0.02,2 191.230,,2 192.900,2024.03.27 19:02:06,2 192.810,0.00, 3.16
2024-03-27 19:03:02,544996377.0,XAUUSD,buy,0.01,2 193.040,,2 193.680,2024.03.27 19:25:21,2 193.590,0.00, 0.55
2024-03-27 19:11:01,545002922.0,XAUUSD,buy,0.01,2 191.950,,2 193.680,2024.03.27 19:25:21,2 193.590,0.00, 1.64
2024-03-27 19:26:02,545013010.0,XAUUSD,buy,0.01,2 193.980,,2 191.480,2024.03.27 20:51:12,2 191.510,0.00,- 2.47
2024-03-27 19:29:01,545014147.0,XAUUSD,buy,0.01,2 193.280,,2 191.480,2024.03.27 20:51:12,2 191.510,0.00,- 1.77
2024-03-27 19:30:01,545015213.0,XAUUSD,buy,0.02,2 192.130,,2 191.480,2024.03.27 20:51:12,2 191.510,0.00,- 1.24
2024-03-27 19:33:01,545016574.0,XAUUSD,buy,0.04,2 191.300,,2 191.480,2024.03.27 20:51:12,2 191.510,0.00, 0.84
2024-03-27 19:37:02,545018298.0,XAUUSD,buy,0.08,2 190.770,,2 191.480,2024.03.27 20:51:12,2 191.510,0.00, 5.92
2024-03-27 19:43:01,545020189.0,XAUUSD,buy,0.16,2 190.310,,2 191.480,2024.03.27 20:51:12,2 191.510,0.00, 19.20
2024-03-27 19:52:01,545024043.0,XAUUSD,buy,0.32,2 189.560,,2 191.480,2024.03.27 20:51:12,2 191.510,0.00, 62.40
2024-03-27 20:52:01,545040753.0,XAUUSD,buy,0.01,2 191.590,,2 192.850,2024.03.27 21:53:47,2 192.720,0.00, 1.13
2024-03-27 21:54:01,545053754.0,XAUUSD,buy,0.01,2 192.880,,2 194.140,2024.03.27 21:59:44,2 194.110,0.00, 1.23
2024-03-27 22:00:01,545057456.0,XAUUSD,sell,0.01,2 193.820,,2 193.010,2024.03.28 00:05:40,2 193.060,- 0.09, 0.76
2024-03-27 22:19:02,545063787.0,XAUUSD,sell,0.01,2 194.740,,2 193.010,2024.03.28 00:05:40,2 193.060,- 0.09, 1.68
2024-03-28 00:05:41,545076349.0,XAUUSD,sell,0.01,2 190.450,,2 191.230,2024.03.28 00:47:58,2 191.200,0.00,- 0.75
2024-03-28 00:06:01,545076637.0,XAUUSD,sell,0.01,2 191.430,,2 191.230,2024.03.28 00:47:58,2 191.200,0.00, 0.23
2024-03-28 00:11:01,545079162.0,XAUUSD,sell,0.02,2 192.510,,2 191.230,2024.03.28 00:47:58,2 191.200,0.00, 2.62
2024-03-28 00:12:03,545080074.0,XAUUSD,sell,0.04,2 193.200,,2 191.230,2024.03.28 00:47:58,2 191.200,0.00, 8.00
2024-03-28 00:48:01,545087671.0,XAUUSD,sell,0.01,2 190.850,,2 190.540,2024.03.28 02:00:36,2 190.550,0.00, 0.30
2024-03-28 00:59:01,545091449.0,XAUUSD,sell,0.01,2 191.690,,2 190.540,2024.03.28 02:00:36,2 190.550,0.00, 1.14
2024-03-28 01:00:03,545092233.0,XAUUSD,sell,0.02,2 192.210,,2 194.330,2024.03.28 05:58:32,2 194.410,0.00,- 4.40
2024-03-28 04:21:01,545149598.0,XAUUSD,sell,0.04,2 192.810,,2 194.330,2024.03.28 05:58:35,2 194.400,0.00,- 6.36
2024-03-28 04:26:01,545151643.0,XAUUSD,sell,0.02,2 193.570,,2 194.330,2024.03.28 05:58:32,2 194.410,0.00,- 1.68
2024-03-28 04:27:02,545152500.0,XAUUSD,sell,0.04,2 194.460,,2 194.330,2024.03.28 05:58:36,2 194.400,0.00, 0.24
2024-03-28 04:32:01,545154815.0,XAUUSD,sell,0.08,2 195.290,,2 194.330,2024.03.28 05:58:36,2 194.400,0.00, 7.12
2024-03-28 05:34:01,545166248.0,XAUUSD,sell,0.16,2 195.890,,2 194.330,2024.03.28 05:58:32,2 194.410,0.00, 23.68
2024-03-28 05:38:01,545167795.0,XAUUSD,sell,0.32,2 196.430,,2 194.330,2024.03.28 05:58:36,2 194.400,0.00, 64.96
2024-03-28 05:59:02,545172000.0,XAUUSD,buy,0.01,2 194.680,,2 195.910,2024.03.28 06:11:59,2 195.880,0.00, 1.20
2024-03-28 06:12:01,545174282.0,XAUUSD,buy,0.01,2 196.050,,2 196.890,2024.03.28 07:32:28,2 196.840,0.00, 0.79
2024-03-28 06:40:01,545179901.0,XAUUSD,buy,0.01,2 195.180,,2 196.890,2024.03.28 07:32:28,2 196.840,0.00, 1.66
2024-03-28 07:33:01,545188403.0,XAUUSD,buy,0.01,2 196.960,,2 197.910,2024.03.28 07:43:11,2 197.780,0.00, 0.82
2024-03-28 07:35:01,545190101.0,XAUUSD,buy,0.01,2 196.430,,2 197.910,2024.03.28 07:43:11,2 197.780,0.00, 1.35
2024-03-28 07:44:01,545193273.0,XAUUSD,buy,0.01,2 197.770,,2 199.040,2024.03.28 07:45:41,2 198.960,0.00, 1.19
2024-03-28 07:46:01,545196144.0,XAUUSD,buy,0.01,2 199.160,,2 200.110,2024.03.28 07:50:26,2 200.360,0.00, 1.20
2024-03-28 07:47:01,545196605.0,XAUUSD,buy,0.01,2 198.510,,2 200.110,2024.03.28 07:50:26,2 200.360,0.00, 1.85
2024-03-28 07:51:01,545200128.0,XAUUSD,buy,0.01,2 200.590,,2 197.990,2024.03.28 08:38:19,2 197.810,0.00,- 2.78
2024-03-28 07:52:01,545200420.0,XAUUSD,buy,0.01,2 199.740,,2 197.990,2024.03.28 08:38:19,2 197.810,0.00,- 1.93
2024-03-28 07:53:01,545201120.0,XAUUSD,buy,0.02,2 199.080,,2 197.990,2024.03.28 08:38:19,2 197.810,0.00,- 2.54
2024-03-28 07:57:02,545202645.0,XAUUSD,buy,0.04,2 198.640,,2 197.990,2024.03.28 08:38:19,2 197.810,0.00,- 3.32
2024-03-28 07:59:01,545203878.0,XAUUSD,buy,0.08,2 197.750,,2 197.990,2024.03.28 08:38:19,2 197.810,0.00, 0.48
2024-03-28 08:01:01,545207468.0,XAUUSD,buy,0.16,2 196.630,,2 197.990,2024.03.28 08:38:19,2 197.810,0.00, 18.88
2024-03-28 08:15:01,545213003.0,XAUUSD,buy,0.32,2 196.070,,2 197.990,2024.03.28 08:38:19,2 197.810,0.00, 55.68
2024-03-28 08:39:02,545223626.0,XAUUSD,sell,0.01,2 197.390,,2 196.800,2024.03.28 09:07:52,2 196.850,0.00, 0.54
2024-03-28 08:41:01,545224081.0,XAUUSD,sell,0.01,2 197.890,,2 196.800,2024.03.28 09:07:52,2 196.850,0.00, 1.04
2024-03-28 08:50:01,545227454.0,XAUUSD,sell,0.02,2 198.510,,2 196.800,2024.03.28 09:07:52,2 196.850,0.00, 3.32
2024-03-28 09:08:01,545234769.0,XAUUSD,sell,0.01,2 196.690,,2 195.420,2024.03.28 09:12:43,2 195.460,0.00, 1.23
2024-03-28 09:13:02,545239086.0,XAUUSD,sell,0.01,2 195.460,,2 194.750,2024.03.28 09:24:07,2 194.740,0.00, 0.72
2024-03-28 09:15:01,545240366.0,XAUUSD,sell,0.01,2 196.060,,2 194.750,2024.03.28 09:24:07,2 194.740,0.00, 1.32
2024-03-28 09:19:01,545245909.0,XAUUSD,sell,0.02,2 196.420,,2 194.750,2024.03.28 09:24:07,2 194.740,0.00, 3.36
2024-03-28 09:25:02,545252822.0,XAUUSD,sell,0.01,2 194.670,,2 193.400,2024.03.28 09:32:35,2 193.390,0.00, 1.28
2024-03-28 09:33:01,545262124.0,XAUUSD,sell,0.01,2 193.040,,2 192.210,2024.03.28 10:03:37,2 192.220,0.00, 0.82
2024-03-28 09:34:02,545263565.0,XAUUSD,sell,0.01,2 193.900,,2 192.210,2024.03.28 10:03:37,2 192.220,0.00, 1.68
2024-03-28 10:04:01,545288294.0,XAUUSD,sell,0.01,2 190.970,,2 194.760,2024.03.28 11:00:04,2 194.800,0.00,- 3.83
2024-03-28 10:05:01,545289951.0,XAUUSD,sell,0.01,2 191.760,,2 194.760,2024.03.28 11:00:04,2 194.800,0.00,- 3.04
2024-03-28 10:09:02,545295404.0,XAUUSD,sell,0.02,2 192.970,,2 194.760,2024.03.28 11:00:04,2 194.800,0.00,- 3.66
2024-03-28 10:21:01,545305173.0,XAUUSD,sell,0.04,2 193.390,,2 194.760,2024.03.28 11:00:04,2 194.790,0.00,- 5.60
2024-03-28 10:25:01,545308174.0,XAUUSD,sell,0.08,2 194.580,,2 194.760,2024.03.28 11:00:04,2 194.800,0.00,- 1.76
2024-03-28 10:37:01,545316656.0,XAUUSD,sell,0.16,2 196.060,,2 194.760,2024.03.28 11:00:04,2 194.800,0.00, 20.16
2024-03-28 10:43:01,545322751.0,XAUUSD,sell,0.32,2 197.220,,2 194.760,2024.03.28 11:00:04,2 194.800,0.00, 77.44
2024-03-28 11:01:01,545333611.0,XAUUSD,sell,0.01,2 194.310,,2 193.020,2024.03.28 11:03:12,2 193.140,0.00, 1.17
2024-03-28 11:04:01,545338896.0,XAUUSD,buy,0.01,2 193.360,,2 194.640,2024.03.28 11:14:53,2 194.600,0.00, 1.24
2024-03-28 11:15:03,545349863.0,XAUUSD,buy,0.01,2 194.760,,,2024.03.28 20:43:25,2 218.510,0.00, 23.75
2024-03-28 20:44:01,545903092.0,XAUUSD,buy,0.01,2 219.090,,2 220.300,2024.03.28 20:55:42,2 220.270,0.00, 1.18
2024-03-28 20:56:01,545908884.0,XAUUSD,buy,0.01,2 220.560,,2 220.920,2024.03.28 21:54:24,2 220.860,0.00, 0.30
2024-03-28 21:29:01,545917781.0,XAUUSD,buy,0.01,2 219.760,,2 220.920,2024.03.28 21:54:24,2 220.860,0.00, 1.10
2024-03-28 21:36:01,545919601.0,XAUUSD,buy,0.02,2 219.130,,2 220.920,2024.03.28 21:54:24,2 220.860,0.00, 3.46
2024-03-28 21:55:01,545922718.0,XAUUSD,buy,0.01,2 221.010,,2 221.570,2024.03.28 22:38:14,2 221.590,0.00, 0.58
2024-03-28 22:01:03,545925513.0,XAUUSD,buy,0.01,2 220.350,,2 221.570,2024.03.28 22:38:14,2 221.590,0.00, 1.24
2024-03-28 22:23:01,545928310.0,XAUUSD,buy,0.02,2 219.870,,2 221.570,2024.03.28 22:38:14,2 221.590,0.00, 3.44
2024-03-28 22:39:01,545930669.0,XAUUSD,buy,0.01,2 222.140,,2 223.410,2024.03.28 22:44:24,2 223.350,0.00, 1.21
2024-03-28 22:45:01,545933051.0,XAUUSD,buy,0.01,2 223.640,,2 224.940,2024.03.28 22:47:06,2 224.990,0.00, 1.35
2024-03-28 22:48:01,545935116.0,XAUUSD,buy,0.01,2 225.590,,2 226.870,2024.03.28 22:49:20,2 227.100,0.00, 1.51
2024-03-28 22:50:01,545941777.0,XAUUSD,buy,0.01,2 230.210,,2 230.180,2024.03.28 22:52:42,2 230.190,0.00,- 0.02
2024-03-28 22:51:01,545943099.0,XAUUSD,buy,0.01,2 227.110,,2 230.180,2024.03.28 22:52:42,2 230.190,0.00, 3.08
2024-03-28 22:53:01,545945112.0,XAUUSD,buy,0.01,2 230.120,,2 231.580,2024.03.28 22:53:44,2 231.590,0.00, 1.47
2024-03-28 22:54:01,545945899.0,XAUUSD,buy,0.01,2 231.740,,2 233.110,2024.03.28 22:54:50,2 232.930,0.00, 1.19
